Год сметы,Смета,Подразделение БР,Код вида расходов,Наименование вида расходов,Направление расходов,Конечный остаток,Дата проведения,Дата проведения (день),Дата проведения (месяц),Дата проведения (год)
2020,Хозяйственно-эксплуатационное направление ДГУ,Дальневосточное главное управление Центрального банка Российской Федерации,134.1100.010000,Расходы по оплате потребления электроэнергии,"134.1100.010000 Плата за технологическое присоединение к электрическим сетям г. Владивосток ул. Калинина,261",32790.96,2020-12-31,31.0,12.0,2020.0
2020,Хозяйственно-эксплуатационное направление ДГУ,Дальневосточное главное управление Центрального банка Российской Федерации,134.1100.010000,Расходы по оплате потребления электроэнергии,"Оплата за электроэнергию по тарифам  зд.  Вл-Александровское, ул. Седова, 23",2274.13,2020-12-31,31.0,12.0,2020.0
2020,Хозяйственно-эксплуатационное направление ДГУ,Дальневосточное главное управление Центрального банка Российской Федерации,134.1100.010000,Расходы по оплате потребления электроэнергии,"Оплата за электроэнергию по тарифам зд. ул.Светланская,111",238482.63,2020-12-31,31.0,12.0,2020.0
2020,Хозяйственно-эксплуатационное направление ДГУ,Дальневосточное главное управление Центрального банка Российской Федерации,134.1100.010000,Расходы по оплате потребления электроэнергии,"Оплата за электроэнергию по тарифам зд. г.Находка, Находкинский пр-т, 13",614813.95,2020-12-31,31.0,12.0,2020.0
2020,Хозяйственно-эксплуатационное направление ДГУ,Дальневосточное главное управление Центрального банка Российской Федерации,134.1100.010000,Расходы по оплате потребления электроэнергии,"Оплата за электроэнергию по тарифам  зд. Склад ул.Фонтанная,19",22413.58,2020-12-31,31.0,12.0,2020.0
2020,Хозяйственно-эксплуатационное направление ДГУ,Дальневосточное главное управление Центрального банка Российской Федерации,134.1100.010000,Расходы по оплате потребления электроэнергии,"Оплата за электроэнергию по тарифам  зд. Убежище ул.Семеновская,29а",4397.3,2020-12-31,31.0,12.0,2020.0
2020,Хозяйственно-эксплуатационное направление ДГУ,Дальневосточное главное управление Центрального банка Российской Федерации,134.1100.010000,Расходы по оплате потребления электроэнергии,"Оплата за электроэнергию по тарифам  зд. ул.Калинина,261",307392.53,2020-12-31,31.0,12.0,2020.0
2020,Хозяйственно-эксплуатационное направление ДГУ,Дальневосточное главное управление Центрального банка Российской Федерации,134.1100.010000,Расходы по оплате потребления электроэнергии,"Оплата за электроэнергию по тарифам зд. ул.Мордовцева,6",157352.26,2020-12-31,31.0,12.0,2020.0
2020,Хозяйственно-эксплуатационное направление ДГУ,Дальневосточное главное управление Центрального банка Российской Федерации,134.1100.010000,Расходы по оплате потребления электроэнергии,"Оплата за электроэнергию по тарифам зд. ул.Светланская,69",367137.39,2020-12-31,31.0,12.0,2020.0
2020,Хозяйственно-эксплуатационное направление ДГУ,Дальневосточное главное управление Центрального банка Российской Федерации,134.1100.010000,Расходы по оплате потребления электроэнергии,"Оплата за электроэнергию по тарифам зд. ул.Светланская,71",1781068.95,2020-12-31,31.0,12.0,2020.0
2020,Хозяйственно-эксплуатационное направление ДГУ,Дальневосточное главное управление Центрального банка Российской Федерации,134.1100.010000,Расходы по оплате потребления электроэнергии,"Оплата за электроэнергию по тарифам зд. ул.Светланская,71 Пристройка",530562.51,2020-12-31,31.0,12.0,2020.0
2020,Хозяйственно-эксплуатационное направление ДГУ,Дальневосточное главное управление Центрального банка Российской Федерации,134.1100.010000,Расходы по оплате потребления электроэнергии,"Оплата за электроэнергию по тарифам зд. ул.Светланская,73",191157.81,2020-12-31,31.0,12.0,2020.0
2020,Хозяйственно-эксплуатационное направление ДГУ,Дальневосточное главное управление Центрального банка Российской Федерации,134.1100.010000,Расходы по оплате потребления электроэнергии,"Оплата за электроэнергию по тарифам зд. ул.Светланская,73А",196650.05,2020-12-31,31.0,12.0,2020.0
2020,Хозяйственно-эксплуатационное направление ДГУ,Дальневосточное главное управление Центрального банка Российской Федерации,134.1100.010000,Расходы по оплате потребления электроэнергии,"Оплата за электроэнергию по тарифам зд. Океанский пр-т, 34",4033643.64,2020-12-31,31.0,12.0,2020.0
2020,Хозяйственно-эксплуатационное направление ДГУ,Дальневосточное главное управление Центрального банка Российской Федерации,134.1100.010000,Расходы по оплате потребления электроэнергии,"Оплата за электроэнергию по тарифам зд. ул.Пушкинская, 8Б",1565.61,2020-12-31,31.0,12.0,2020.0
2020,Хозяйственно-эксплуатационное направление ДГУ,Дальневосточное главное управление Центрального банка Российской Федерации,134.1100.010000,Расходы по оплате потребления электроэнергии,"Оплата за электроэнергию по тарифам зд. г.Уссурийск, ул.Некрасова, 102",1783151.89,2020-12-31,31.0,12.0,2020.0
2020,Хозяйственно-эксплуатационное направление ДГУ,Дальневосточное главное управление Центрального банка Российской Федерации,134.1100.010000,Расходы по оплате потребления электроэнергии,"Оплата за электроэнергию по тарифам зд. с.Вольно-Надеждинское, ул.Пушкина,59",165930.66,2020-12-31,31.0,12.0,2020.0
2020,Хозяйственно-эксплуатационное направление ДГУ,Дальневосточное главное управление Центрального банка Российской Федерации,134.1100.010000,Расходы по оплате потребления электроэнергии,"Оплата за электроэнергию по тарифам зд. г.Дальнереченск, ул.Ленина, 64",2865.72,2020-12-31,31.0,12.0,2020.0
2020,Хозяйственно-эксплуатационное направление ДГУ,Дальневосточное главное управление Центрального банка Российской Федерации,134.1100.020000,Расходы по оплате всех видов отопления зданий и сооружений (кроме электро- и газового снабжения),"Оплата за тепловую энергию по тарифам зд. г.Находка, Находкинский пр-т,13",608842.93,2020-12-31,31.0,12.0,2020.0
2020,Хозяйственно-эксплуатационное направление ДГУ,Дальневосточное главное управление Центрального банка Российской Федерации,134.1100.020000,Расходы по оплате всех видов отопления зданий и сооружений (кроме электро- и газового снабжения),"Оплата за тепловую энергию по тарифам зд. г.Уссурийск, ул.Некрасова, 102 ( гараж на 10 а/м)",782882.62,2020-12-31,31.0,12.0,2020.0
2020,Хозяйственно-эксплуатационное направление ДГУ,Дальневосточное главное управление Центрального банка Российской Федерации,134.1100.020000,Расходы по оплате всех видов отопления зданий и сооружений (кроме электро- и газового снабжения),"Оплата за тепловую энергию по тарифам зд. г.Уссурийск, ул.Некрасова, 102(осн. здание)",1296745.18,2020-12-31,31.0,12.0,2020.0
2020,Хозяйственно-эксплуатационное направление ДГУ,Дальневосточное главное управление Центрального банка Российской Федерации,134.1100.020000,Расходы по оплате всех видов отопления зданий и сооружений (кроме электро- и газового снабжения),"Оплата за тепловую энергию по тарифам зд. с.Вольно-Надеждинское, ул.Пушкина,59",354840.76,2020-12-31,31.0,12.0,2020.0
2020,Хозяйственно-эксплуатационное направление ДГУ,Дальневосточное главное управление Центрального банка Российской Федерации,134.1100.020000,Расходы по оплате всех видов отопления зданий и сооружений (кроме электро- и газового снабжения),"Оплата за тепловую энергию по тарифам зд. ул.Калинина, 261",279420.67,2020-12-31,31.0,12.0,2020.0
2020,Хозяйственно-эксплуатационное направление ДГУ,Дальневосточное главное управление Центрального банка Российской Федерации,134.1100.020000,Расходы по оплате всех видов отопления зданий и сооружений (кроме электро- и газового снабжения),"Оплата за тепловую энергию по тарифам зд. ул.Пушкинская,8б",140775.87,2020-12-31,31.0,12.0,2020.0
2020,Хозяйственно-эксплуатационное направление ДГУ,Дальневосточное главное управление Центрального банка Российской Федерации,134.1100.020000,Расходы по оплате всех видов отопления зданий и сооружений (кроме электро- и газового снабжения),"Оплата за тепловую энергию по тарифам зд. ул.Мордовцева,6",31002.7,2020-12-31,31.0,12.0,2020.0
2020,Хозяйственно-эксплуатационное направление ДГУ,Дальневосточное главное управление Центрального банка Российской Федерации,134.1100.020000,Расходы по оплате всех видов отопления зданий и сооружений (кроме электро- и газового снабжения),"Оплата за тепловую энергию по тарифам зд. ул.Светланская,69",203010.17,2020-12-31,31.0,12.0,2020.0
2020,Хозяйственно-эксплуатационное направление ДГУ,Дальневосточное главное управление Центрального банка Российской Федерации,134.1100.020000,Расходы по оплате всех видов отопления зданий и сооружений (кроме электро- и газового снабжения),"Оплата за тепловую энергию по тарифам зд. ул.Светланская,71",314590.63,2020-12-31,31.0,12.0,2020.0
2020,Хозяйственно-эксплуатационное направление ДГУ,Дальневосточное главное управление Центрального банка Российской Федерации,134.1100.020000,Расходы по оплате всех видов отопления зданий и сооружений (кроме электро- и газового снабжения),"Оплата за тепловую энергию по тарифам зд. ул.Светланская,71-Пристройка",228898.98,2020-12-31,31.0,12.0,2020.0
2020,Хозяйственно-эксплуатационное направление ДГУ,Дальневосточное главное управление Центрального банка Российской Федерации,134.1100.020000,Расходы по оплате всех видов отопления зданий и сооружений (кроме электро- и газового снабжения),"Оплата за тепловую энергию по тарифам зд. ул.Светланская,73",637389.77,2020-12-31,31.0,12.0,2020.0
2020,Хозяйственно-эксплуатационное направление ДГУ,Дальневосточное главное управление Центрального банка Российской Федерации,134.1100.020000,Расходы по оплате всех видов отопления зданий и сооружений (кроме электро- и газового снабжения),"Оплата за тепловую энергию по тарифам зд. ул.Светланская,73А -  ст.134.1100",191576.81,2020-12-31,31.0,12.0,2020.0
2020,Хозяйственно-эксплуатационное направление ДГУ,Дальневосточное главное управление Центрального банка Российской Федерации,134.1100.020000,Расходы по оплате всех видов отопления зданий и сооружений (кроме электро- и газового снабжения),"Оплата за тепловую энергию по тарифам зд. ул.Фонтанная, 19 -  ст.134.1100",134430.79,2020-12-31,31.0,12.0,2020.0
2020,Хозяйственно-эксплуатационное направление ДГУ,Дальневосточное главное управление Центрального банка Российской Федерации,134.1100.020000,Расходы по оплате всех видов отопления зданий и сооружений (кроме электро- и газового снабжения),"Оплата за тепловую энергию по тарифам зд.Океанский пр-т, 34",988037.45,2020-12-31,31.0,12.0,2020.0
2020,Хозяйственно-эксплуатационное направление ДГУ,Дальневосточное главное управление Центрального банка Российской Федерации,134.1100.020000,Расходы по оплате всех видов отопления зданий и сооружений (кроме электро- и газового снабжения),"Оплата за тепловую энергию по тарифам зд. ул.Светланская,111",278089.31,2020-12-31,31.0,12.0,2020.0
2020,Хозяйственно-эксплуатационное направление ДГУ,Дальневосточное главное управление Центрального банка Российской Федерации,134.1100.020000,Расходы по оплате всех видов отопления зданий и сооружений (кроме электро- и газового снабжения),"Оплата за тепловую энергию по тарифам г. Дальнегорск, ул. пр-т 50 лет Октября,89",52336.84,2020-12-31,31.0,12.0,2020.0
2020,Хозяйственно-эксплуатационное направление ДГУ,Дальневосточное главное управление Центрального банка Российской Федерации,134.1100.020000,Расходы по оплате всех видов отопления зданий и сооружений (кроме электро- и газового снабжения),"Оплата за тепловую энергию по тарифам г. Дальнереченск, ул. Ленина,64",46103.35,2020-12-31,31.0,12.0,2020.0
2020,Хозяйственно-эксплуатационное направление ДГУ,Дальневосточное главное управление Центрального банка Российской Федерации,134.1100.030000,"Расходы по оплате услуг водоснабжения, водоотведения","Оплата за водоотведение по тарифам зд. ул.Светланская,111",4725.98,2020-12-31,31.0,12.0,2020.0
2020,Хозяйственно-эксплуатационное направление ДГУ,Дальневосточное главное управление Центрального банка Российской Федерации,134.1100.030000,"Расходы по оплате услуг водоснабжения, водоотведения","Оплата за водоотведение по тарифам зд. г.Находка, Находкинский пр-т, 13",23103.58,2020-12-31,31.0,12.0,2020.0
2020,Хозяйственно-эксплуатационное направление ДГУ,Дальневосточное главное управление Центрального банка Российской Федерации,134.1100.030000,"Расходы по оплате услуг водоснабжения, водоотведения","Оплата за водоотведение по тарифам зд. г.Уссурийск, ул.Некрасова, 102",18546.72,2020-12-31,31.0,12.0,2020.0
2020,Хозяйственно-эксплуатационное направление ДГУ,Дальневосточное главное управление Центрального банка Российской Федерации,134.1100.030000,"Расходы по оплате услуг водоснабжения, водоотведения","Оплата за водоотведение по тарифам зд. г.Уссурийск, ул.Некрасова, 102 (ГАРАЖ на 10 автомобилей)",2275.63,2020-12-31,31.0,12.0,2020.0
2020,Хозяйственно-эксплуатационное направление ДГУ,Дальневосточное главное управление Центрального банка Российской Федерации,134.1100.030000,"Расходы по оплате услуг водоснабжения, водоотведения","Оплата за водоотведение по тарифам зд. Океанский пр-т, 34",84688.52,2020-12-31,31.0,12.0,2020.0
2020,Хозяйственно-эксплуатационное направление ДГУ,Дальневосточное главное управление Центрального банка Российской Федерации,134.1100.030000,"Расходы по оплате услуг водоснабжения, водоотведения","Оплата за водоотведение по тарифам зд. с.Вольно-Надеждинское, ул.Пушкина, 59",363.14,2020-12-31,31.0,12.0,2020.0
2020,Хозяйственно-эксплуатационное направление ДГУ,Дальневосточное главное управление Центрального банка Российской Федерации,134.1100.030000,"Расходы по оплате услуг водоснабжения, водоотведения","Оплата за водоотведение по тарифам зд. ул.Калинина, 261",7003.66,2020-12-31,31.0,12.0,2020.0
2020,Хозяйственно-эксплуатационное направление ДГУ,Дальневосточное главное управление Центрального банка Российской Федерации,134.1100.030000,"Расходы по оплате услуг водоснабжения, водоотведения","Оплата за водоотведение по тарифам зд. ул.Мордовцева, 6",1634.25,2020-12-31,31.0,12.0,2020.0
2020,Хозяйственно-эксплуатационное направление ДГУ,Дальневосточное главное управление Центрального банка Российской Федерации,134.1100.030000,"Расходы по оплате услуг водоснабжения, водоотведения","Оплата за водоотведение по тарифам зд. ул.Светланская, 69",13127.84,2020-12-31,31.0,12.0,2020.0
2020,Хозяйственно-эксплуатационное направление ДГУ,Дальневосточное главное управление Центрального банка Российской Федерации,134.1100.030000,"Расходы по оплате услуг водоснабжения, водоотведения","Оплата за водоотведение по тарифам зд. ул.Светланская, 71",9670.14,2020-12-31,31.0,12.0,2020.0
2020,Хозяйственно-эксплуатационное направление ДГУ,Дальневосточное главное управление Центрального банка Российской Федерации,134.1100.030000,"Расходы по оплате услуг водоснабжения, водоотведения","Оплата за водоотведение по тарифам зд. ул.Светланская, 71 Пристройка",5206.98,2020-12-31,31.0,12.0,2020.0
2020,Хозяйственно-эксплуатационное направление ДГУ,Дальневосточное главное управление Центрального банка Российской Федерации,134.1100.030000,"Расходы по оплате услуг водоснабжения, водоотведения","Оплата за водоотведение по тарифам зд. ул.Светланская, 73 А",2946.11,2020-12-31,31.0,12.0,2020.0
2020,Хозяйственно-эксплуатационное направление ДГУ,Дальневосточное главное управление Центрального банка Российской Федерации,134.1100.030000,"Расходы по оплате услуг водоснабжения, водоотведения","Оплата за водоотведение по тарифам зд. ул.Фонтанная, 19",801.52,2020-12-31,31.0,12.0,2020.0
2020,Хозяйственно-эксплуатационное направление ДГУ,Дальневосточное главное управление Центрального банка Российской Федерации,134.1100.030000,"Расходы по оплате услуг водоснабжения, водоотведения","Оплата за холодное водоснабжение по тарифам зд. ул.Светланская,111",5929.71,2020-12-31,31.0,12.0,2020.0
2020,Хозяйственно-эксплуатационное направление ДГУ,Дальневосточное главное управление Центрального банка Российской Федерации,134.1100.030000,"Расходы по оплате услуг водоснабжения, водоотведения","Оплата за холодное водоснабжение по тарифам зд. г.Находка, Находкинский пр-т, 13",10715.88,2020-12-31,31.0,12.0,2020.0
2020,Хозяйственно-эксплуатационное направление ДГУ,Дальневосточное главное управление Центрального банка Российской Федерации,134.1100.030000,"Расходы по оплате услуг водоснабжения, водоотведения","Оплата за холодное водоснабжение по тарифам зд. г.Уссурийск, ул.Некрасова,102",16859.17,2020-12-31,31.0,12.0,2020.0
2020,Хозяйственно-эксплуатационное направление ДГУ,Дальневосточное главное управление Центрального банка Российской Федерации,134.1100.030000,"Расходы по оплате услуг водоснабжения, водоотведения","Оплата за холодное водоснабжение по тарифам зд. г.Уссурийск, ул.Некрасова,102 (ГАРАЖ на 10 автомобилей)",1527.12,2020-12-31,31.0,12.0,2020.0
2020,Хозяйственно-эксплуатационное направление ДГУ,Дальневосточное главное управление Центрального банка Российской Федерации,134.1100.030000,"Расходы по оплате услуг водоснабжения, водоотведения","Оплата за холодное водоснабжение по тарифам зд. Океанский пр-т, 34",41194.87,2020-12-31,31.0,12.0,2020.0
2020,Хозяйственно-эксплуатационное направление ДГУ,Дальневосточное главное управление Центрального банка Российской Федерации,134.1100.030000,"Расходы по оплате услуг водоснабжения, водоотведения","Оплата за холодное водоснабжение по тарифам зд. с.Вольно-Надеждинское,  ул.Пушкина,59",611.32,2020-12-31,31.0,12.0,2020.0
2020,Хозяйственно-эксплуатационное направление ДГУ,Дальневосточное главное управление Центрального банка Российской Федерации,134.1100.030000,"Расходы по оплате услуг водоснабжения, водоотведения","Оплата за холодное водоснабжение по тарифам зд. ул.Калинина, 261",8733.07,2020-12-31,31.0,12.0,2020.0
2020,Хозяйственно-эксплуатационное направление ДГУ,Дальневосточное главное управление Центрального банка Российской Федерации,134.1100.030000,"Расходы по оплате услуг водоснабжения, водоотведения","Оплата за холодное водоснабжение по тарифам зд. ул.Мордовцева,6",3106.38,2020-12-31,31.0,12.0,2020.0
2020,Хозяйственно-эксплуатационное направление ДГУ,Дальневосточное главное управление Центрального банка Российской Федерации,134.1100.030000,"Расходы по оплате услуг водоснабжения, водоотведения","Оплата за холодное водоснабжение по тарифам зд. ул.Светланская, 69",15445.67,2020-12-31,31.0,12.0,2020.0
2020,Хозяйственно-эксплуатационное направление ДГУ,Дальневосточное главное управление Центрального банка Российской Федерации,134.1100.030000,"Расходы по оплате услуг водоснабжения, водоотведения","Оплата за холодное водоснабжение по тарифам зд. ул.Светланская, 71",17033.7,2020-12-31,31.0,12.0,2020.0
2020,Хозяйственно-эксплуатационное направление ДГУ,Дальневосточное главное управление Центрального банка Российской Федерации,134.1100.030000,"Расходы по оплате услуг водоснабжения, водоотведения","Оплата за холодное водоснабжение по тарифам зд. ул.Светланская, 71 Пристройка",9188.86,2020-12-31,31.0,12.0,2020.0
2020,Хозяйственно-эксплуатационное направление ДГУ,Дальневосточное главное управление Центрального банка Российской Федерации,134.1100.030000,"Расходы по оплате услуг водоснабжения, водоотведения","Оплата за холодное водоснабжение по тарифам зд. ул.Светланская, 73 А",4342.61,2020-12-31,31.0,12.0,2020.0
2020,Хозяйственно-эксплуатационное направление ДГУ,Дальневосточное главное управление Центрального банка Российской Федерации,134.1100.030000,"Расходы по оплате услуг водоснабжения, водоотведения","Оплата за холодное водоснабжение по тарифам зд. ул.Фонтанная, 19",583.65,2020-12-31,31.0,12.0,2020.0
2020,Хозяйственно-эксплуатационное направление ДГУ,Дальневосточное главное управление Центрального банка Российской Федерации,134.1100.050000,Расходы на коммунальные услуги (расходы прошлых лет),"Другие расходы прошлых лет, выявленные в текущем году. Расходы на коммунальные услуги",822.57,2020-12-31,31.0,12.0,2020.0
2020,Хозяйственно-эксплуатационное направление Чукотка,Отделение по Чукотскому автономному округу Дальневосточного главного управления Центрального банка Российской Федерации,134.1100.010000,Расходы по оплате потребления электроэнергии,"134.1100.010000 Оплата за электроэнергию по тарифам зд. г. Анадырь, ул. Горького 7 дизель-генераторная установка",104980.8,2020-12-31,31.0,12.0,2020.0
2020,Хозяйственно-эксплуатационное направление Чукотка,Отделение по Чукотскому автономному округу Дальневосточного главного управления Центрального банка Российской Федерации,134.1100.010000,Расходы по оплате потребления электроэнергии,"134.1100.010000 Оплата за электроэнергию по тарифам зд. г. Анадырь, ул. Дежнева, 7",4689323.38,2020-12-31,31.0,12.0,2020.0
2020,Хозяйственно-эксплуатационное направление Чукотка,Отделение по Чукотскому автономному округу Дальневосточного главного управления Центрального банка Российской Федерации,134.1100.010000,Расходы по оплате потребления электроэнергии,"134.1100.010000 Оплата за электроэнергию по тарифам г. Анадырь, ул. Южная (гараж)",121906.44,2020-12-31,31.0,12.0,2020.0
2020,Хозяйственно-эксплуатационное направление Чукотка,Отделение по Чукотскому автономному округу Дальневосточного главного управления Центрального банка Российской Федерации,134.1100.010000,Расходы по оплате потребления электроэнергии,"134.1100.010000 Оплата за электроэнергию по тарифам зд. г. Анадырь, ул. Горького 7",17538.9,2020-12-31,31.0,12.0,2020.0
2020,Хозяйственно-эксплуатационное направление Чукотка,Отделение по Чукотскому автономному округу Дальневосточного главного управления Центрального банка Российской Федерации,134.1100.010000,Расходы по оплате потребления электроэнергии,"134.1100.010000 Оплата за электроэнергию по тарифам г.Анадырь, ул. Колхозная 32 Б (склад)",24636.9,2020-12-31,31.0,12.0,2020.0
2020,Хозяйственно-эксплуатационное направление Чукотка,Отделение по Чукотскому автономному округу Дальневосточного главного управления Центрального банка Российской Федерации,134.1100.010000,Расходы по оплате потребления электроэнергии,134.1100.010000 Оплата за электроэнергию по тарифам зд. п. Эгвекинот,274477.8,2020-12-31,31.0,12.0,2020.0
2020,Хозяйственно-эксплуатационное направление Чукотка,Отделение по Чукотскому автономному округу Дальневосточного главного управления Центрального банка Российской Федерации,134.1100.010000,Расходы по оплате потребления электроэнергии,134.1100.010000 Оплата за электроэнергию по тарифам зд. г. Билибино,503649.0,2020-12-31,31.0,12.0,2020.0
2020,Хозяйственно-эксплуатационное направление Чукотка,Отделение по Чукотскому автономному округу Дальневосточного главного управления Центрального банка Российской Федерации,134.1100.010000,Расходы по оплате потребления электроэнергии,"134.1100.010000 Плата за технологическое присоединение к электрическим сетям г. Анадырь, ул. Горького, 7",14498.15,2020-12-31,31.0,12.0,2020.0
2020,Хозяйственно-эксплуатационное направление Чукотка,Отделение по Чукотскому автономному округу Дальневосточного главного управления Центрального банка Российской Федерации,134.1100.020000,Расходы по оплате всех видов отопления зданий и сооружений (кроме электро- и газового снабжения),"Оплата за тепловую энергию по тарифам зд. г. Анадырь, ул. Дежнева 7",2869907.38,2020-12-31,31.0,12.0,2020.0
2020,Хозяйственно-эксплуатационное направление Чукотка,Отделение по Чукотскому автономному округу Дальневосточного главного управления Центрального банка Российской Федерации,134.1100.020000,Расходы по оплате всех видов отопления зданий и сооружений (кроме электро- и газового снабжения),"Оплата за тепловую энергию по тарифам зд. г. Анадырь, ул. Колхозная 32 Б",791310.78,2020-12-31,31.0,12.0,2020.0
2020,Хозяйственно-эксплуатационное направление Чукотка,Отделение по Чукотскому автономному округу Дальневосточного главного управления Центрального банка Российской Федерации,134.1100.020000,Расходы по оплате всех видов отопления зданий и сооружений (кроме электро- и газового снабжения),"Оплата за тепловую энергию по тарифам зд. г. Анадырь, ул. Южная (гараж)",510158.82,2020-12-31,31.0,12.0,2020.0
2020,Хозяйственно-эксплуатационное направление Чукотка,Отделение по Чукотскому автономному округу Дальневосточного главного управления Центрального банка Российской Федерации,134.1100.020000,Расходы по оплате всех видов отопления зданий и сооружений (кроме электро- и газового снабжения),Оплата за тепловую энергию по тарифам зд. г. Билибино,1396222.18,2020-12-31,31.0,12.0,2020.0
2020,Хозяйственно-эксплуатационное направление Чукотка,Отделение по Чукотскому автономному округу Дальневосточного главного управления Центрального банка Российской Федерации,134.1100.020000,Расходы по оплате всех видов отопления зданий и сооружений (кроме электро- и газового снабжения),Оплата за тепловую энергию по тарифам зд. пгт.Эгвекинот,935279.03,2020-12-31,31.0,12.0,2020.0
2020,Хозяйственно-эксплуатационное направление Чукотка,Отделение по Чукотскому автономному округу Дальневосточного главного управления Центрального банка Российской Федерации,134.1100.030000,"Расходы по оплате услуг водоснабжения, водоотведения","Оплата за водоотведение по тарифам зд. г. Анадырь, ул. Дежнева 7",14969.34,2020-12-31,31.0,12.0,2020.0
2020,Хозяйственно-эксплуатационное направление Чукотка,Отделение по Чукотскому автономному округу Дальневосточного главного управления Центрального банка Российской Федерации,134.1100.030000,"Расходы по оплате услуг водоснабжения, водоотведения","Оплата за водоотведение по тарифам здание (гараж) г. Анадырь, ул. Южная",758.25,2020-12-31,31.0,12.0,2020.0
2020,Хозяйственно-эксплуатационное направление Чукотка,Отделение по Чукотскому автономному округу Дальневосточного главного управления Центрального банка Российской Федерации,134.1100.030000,"Расходы по оплате услуг водоснабжения, водоотведения",Оплата за водоотведение по тарифам зд. г. Билибино,2285.1,2020-12-31,31.0,12.0,2020.0
2020,Хозяйственно-эксплуатационное направление Чукотка,Отделение по Чукотскому автономному округу Дальневосточного главного управления Центрального банка Российской Федерации,134.1100.030000,"Расходы по оплате услуг водоснабжения, водоотведения",Оплата за водоотведение по тарифам зд. пгт. Эгвекинот,34456.38,2020-12-31,31.0,12.0,2020.0
2020,Хозяйственно-эксплуатационное направление Чукотка,Отделение по Чукотскому автономному округу Дальневосточного главного управления Центрального банка Российской Федерации,134.1100.030000,"Расходы по оплате услуг водоснабжения, водоотведения","Оплата за горячее водоснабжение  по тарифам здание (гараж) г. Анадырь, ул. Южная",4992.37,2020-12-31,31.0,12.0,2020.0
2020,Хозяйственно-эксплуатационное направление Чукотка,Отделение по Чукотскому автономному округу Дальневосточного главного управления Центрального банка Российской Федерации,134.1100.030000,"Расходы по оплате услуг водоснабжения, водоотведения","Оплата за горячее водоснабжение по тарифам зд. г. Анадырь, ул. Дежнева 7",32534.28,2020-12-31,31.0,12.0,2020.0
2020,Хозяйственно-эксплуатационное направление Чукотка,Отделение по Чукотскому автономному округу Дальневосточного главного управления Центрального банка Российской Федерации,134.1100.030000,"Расходы по оплате услуг водоснабжения, водоотведения",Оплата за горячее водоснабжение по тарифам зд. РКЦ  г. Билибино,5945.94,2020-12-31,31.0,12.0,2020.0
2020,Хозяйственно-эксплуатационное направление Чукотка,Отделение по Чукотскому автономному округу Дальневосточного главного управления Центрального банка Российской Федерации,134.1100.030000,"Расходы по оплате услуг водоснабжения, водоотведения",Оплата за горячее водоснабжение по тарифам зд. пгт.Эгвекинот,18788.81,2020-12-31,31.0,12.0,2020.0
2020,Хозяйственно-эксплуатационное направление Чукотка,Отделение по Чукотскому автономному округу Дальневосточного главного управления Центрального банка Российской Федерации,134.1100.030000,"Расходы по оплате услуг водоснабжения, водоотведения","Оплата за холодное водоснабжение по тарифам зд. г. Анадырь, ул. Дежнева 7",53370.52,2020-12-31,31.0,12.0,2020.0
2020,Хозяйственно-эксплуатационное направление Чукотка,Отделение по Чукотскому автономному округу Дальневосточного главного управления Центрального банка Российской Федерации,134.1100.030000,"Расходы по оплате услуг водоснабжения, водоотведения","Оплата за холодное водоснабжение по тарифам зд. г. Анадырь, ул. Южная (гараж)",1965.94,2020-12-31,31.0,12.0,2020.0
2020,Хозяйственно-эксплуатационное направление Чукотка,Отделение по Чукотскому автономному округу Дальневосточного главного управления Центрального банка Российской Федерации,134.1100.030000,"Расходы по оплате услуг водоснабжения, водоотведения",Оплата за холодное водоснабжение по тарифам зд. г. Билибино,7233.16,2020-12-31,31.0,12.0,2020.0
2020,Хозяйственно-эксплуатационное направление Чукотка,Отделение по Чукотскому автономному округу Дальневосточного главного управления Центрального банка Российской Федерации,134.1100.030000,"Расходы по оплате услуг водоснабжения, водоотведения",Оплата за холодное водоснабжение по тарифам зд. пгт.Эгвекинот,17136.49,2020-12-31,31.0,12.0,2020.0
2020,Хозяйственно-эксплуатационное направление ЕАО,Отделение по Еврейской автономной области Дальневосточного главного управления Центрального банка Российской Федерации,134.1100.010000,Расходы по оплате потребления электроэнергии,"Оплата за электроэнергию  по тарифам г.Биробиджан, пр-т 60-летия СССР, 5",3505447.88,2020-12-31,31.0,12.0,2020.0
2020,Хозяйственно-эксплуатационное направление ЕАО,Отделение по Еврейской автономной области Дальневосточного главного управления Центрального банка Российской Федерации,134.1100.010000,Расходы по оплате потребления электроэнергии,"Оплата за электроэнергию по тарифам г.Биробиджан, ул.Чапаева,5А",2213.91,2020-12-31,31.0,12.0,2020.0
2020,Хозяйственно-эксплуатационное направление ЕАО,Отделение по Еврейской автономной области Дальневосточного главного управления Центрального банка Российской Федерации,134.1100.020000,Расходы по оплате всех видов отопления зданий и сооружений (кроме электро- и газового снабжения),"Оплата за тепловую энергию по тарифам г.Биробиджан, пр-т 60-летия СССР, 5",2169197.56,2020-12-31,31.0,12.0,2020.0
2020,Хозяйственно-эксплуатационное направление ЕАО,Отделение по Еврейской автономной области Дальневосточного главного управления Центрального банка Российской Федерации,134.1100.020000,Расходы по оплате всех видов отопления зданий и сооружений (кроме электро- и газового снабжения),"Оплата за тепловую энергию  по тарифам г.Биробиджан, ул.Чапаева, 5А",136925.74,2020-12-31,31.0,12.0,2020.0
2020,Хозяйственно-эксплуатационное направление ЕАО,Отделение по Еврейской автономной области Дальневосточного главного управления Центрального банка Российской Федерации,134.1100.030000,"Расходы по оплате услуг водоснабжения, водоотведения","Оплата за холодное водоснабжение по тарифам г.Биробиджан, пр-т 60-летия СССР, 5",21778.2,2020-12-31,31.0,12.0,2020.0
2020,Хозяйственно-эксплуатационное направление ЕАО,Отделение по Еврейской автономной области Дальневосточного главного управления Центрального банка Российской Федерации,134.1100.030000,"Расходы по оплате услуг водоснабжения, водоотведения","Оплата за холодное водоснабжение по тарифам г.Биробиджан,ул.Чапаева, 5А",31.98,2020-12-31,31.0,12.0,2020.0
2020,Хозяйственно-эксплуатационное направление ЕАО,Отделение по Еврейской автономной области Дальневосточного главного управления Центрального банка Российской Федерации,134.1100.030000,"Расходы по оплате услуг водоснабжения, водоотведения","Оплата за водоотведение  по тарифам г.Биробиджан, пр-т 60-летия СССР, 5",31652.0,2020-12-31,31.0,12.0,2020.0
2020,Хозяйственно-эксплуатационное направление ЕАО,Отделение по Еврейской автономной области Дальневосточного главного управления Центрального банка Российской Федерации,134.1100.030000,"Расходы по оплате услуг водоснабжения, водоотведения","Оплата за водоотведение по тарифам г.Биробиджан, ул.Чапаева, 5А",46.49,2020-12-31,31.0,12.0,2020.0
2020,Хозяйственно-эксплуатационное направление Амур,Отделение по Амурской области Дальневосточного главного управления Центрального банка Российской Федерации,134.1100.010000,Расходы по оплате потребления электроэнергии,"Оплата за электроэнергию по тарифам г.Благовещенск, пер.Святителя Иннокентия, 17, Административное здание",1983874.06,2020-12-31,31.0,12.0,2020.0
2020,Хозяйственно-эксплуатационное направление Амур,Отделение по Амурской области Дальневосточного главного управления Центрального банка Российской Федерации,134.1100.010000,Расходы по оплате потребления электроэнергии,"Оплата за электроэнергию по тарифам г.Благовещенск, ул.Богдана Хмельницкого 52/2",1178654.71,2020-12-31,31.0,12.0,2020.0
2020,Хозяйственно-эксплуатационное направление Амур,Отделение по Амурской области Дальневосточного главного управления Центрального банка Российской Федерации,134.1100.010000,Расходы по оплате потребления электроэнергии,"Оплата за электроэнергию по тарифам г.Зея пер.Жуковский,15, Административное здание",39414.39,2020-12-31,31.0,12.0,2020.0
2020,Хозяйственно-эксплуатационное направление Амур,Отделение по Амурской области Дальневосточного главного управления Центрального банка Российской Федерации,134.1100.010000,Расходы по оплате потребления электроэнергии,"Оплата за электроэнергию по тарифам г.Тында ул.Профсоюзная, д.12",993175.55,2020-12-31,31.0,12.0,2020.0
2020,Хозяйственно-эксплуатационное направление Амур,Отделение по Амурской области Дальневосточного главного управления Центрального банка Российской Федерации,134.1100.010000,Расходы по оплате потребления электроэнергии,"Оплата за электроэнергию по тарифам пгт Магдагачи, ул.Ленина, 29",440.29,2020-12-31,31.0,12.0,2020.0
2020,Хозяйственно-эксплуатационное направление Амур,Отделение по Амурской области Дальневосточного главного управления Центрального банка Российской Федерации,134.1100.010000,Расходы по оплате потребления электроэнергии,"Оплата за электроэнергию по тарифам г.Благовещенск, пер.Святителя Иннокентия, 17, Администр. зд. (Пристройка)",820272.35,2020-12-31,31.0,12.0,2020.0
2020,Хозяйственно-эксплуатационное направление Амур,Отделение по Амурской области Дальневосточного главного управления Центрального банка Российской Федерации,134.1100.010000,Расходы по оплате потребления электроэнергии,"Оплата за электроэнергию по тарифам г.Благовещенск, пер.Святителя Иннокентия, 17, Пристройка к зданию (Новая)",1073140.99,2020-12-31,31.0,12.0,2020.0
2020,Хозяйственно-эксплуатационное направление Амур,Отделение по Амурской области Дальневосточного главного управления Центрального банка Российской Федерации,134.1100.010000,Расходы по оплате потребления электроэнергии,"Оплата за электроэнергию по тарифам г.Благовещенск, пер.Святителя Иннокентия, 17, Гараж",469145.35,2020-12-31,31.0,12.0,2020.0
2020,Хозяйственно-эксплуатационное направление Амур,Отделение по Амурской области Дальневосточного главного управления Центрального банка Российской Федерации,134.1100.010000,Расходы по оплате потребления электроэнергии,"Оплата за электроэнергию по тарифам г.Благовещенск, пер.Святителя Иннокентия, 17, Помещение Объект №2",144400.71,2020-12-31,31.0,12.0,2020.0
2020,Хозяйственно-эксплуатационное направление Амур,Отделение по Амурской области Дальневосточного главного управления Центрального банка Российской Федерации,134.1100.010000,Расходы по оплате потребления электроэнергии,"Оплата за электроэнергию по тарифам г.Зея пер.Жуковский,15, Гараж",970.07,2020-12-31,31.0,12.0,2020.0
2020,Хозяйственно-эксплуатационное направление Амур,Отделение по Амурской области Дальневосточного главного управления Центрального банка Российской Федерации,134.1100.020000,Расходы по оплате всех видов отопления зданий и сооружений (кроме электро- и газового снабжения),"Оплата за тепловую энергию по тарифам г.Благовещенск, пер. Святителя Иннокентия,17,  Административное здание",861438.68,2020-12-31,31.0,12.0,2020.0
2020,Хозяйственно-эксплуатационное направление Амур,Отделение по Амурской области Дальневосточного главного управления Центрального банка Российской Федерации,134.1100.020000,Расходы по оплате всех видов отопления зданий и сооружений (кроме электро- и газового снабжения),"Оплата за тепловую энергию по тарифам г.Благовещенск, пер. Святителя Иннокентия,17, Администр.зд. (Пристройка)",272903.9,2020-12-31,31.0,12.0,2020.0
2020,Хозяйственно-эксплуатационное направление Амур,Отделение по Амурской области Дальневосточного главного управления Центрального банка Российской Федерации,134.1100.020000,Расходы по оплате всех видов отопления зданий и сооружений (кроме электро- и газового снабжения),"Оплата за тепловую энергию по тарифам г.Благовещенск, пер. Святителя Иннокентия,17, Гараж",220307.3,2020-12-31,31.0,12.0,2020.0
2020,Хозяйственно-эксплуатационное направление Амур,Отделение по Амурской области Дальневосточного главного управления Центрального банка Российской Федерации,134.1100.020000,Расходы по оплате всех видов отопления зданий и сооружений (кроме электро- и газового снабжения),"Оплата за тепловую энергию по тарифам г.Благовещенск, пер. Святителя Иннокентия,17, Помещение объект №2",81048.16,2020-12-31,31.0,12.0,2020.0
2020,Хозяйственно-эксплуатационное направление Амур,Отделение по Амурской области Дальневосточного главного управления Центрального банка Российской Федерации,134.1100.020000,Расходы по оплате всех видов отопления зданий и сооружений (кроме электро- и газового снабжения),"Оплата за тепловую энергию по тарифам г.Благовещенск, пер. Святителя Иннокентия,17, Пристройка к зданию (Новая)",382431.44,2020-12-31,31.0,12.0,2020.0
2020,Хозяйственно-эксплуатационное направление Амур,Отделение по Амурской области Дальневосточного главного управления Центрального банка Российской Федерации,134.1100.020000,Расходы по оплате всех видов отопления зданий и сооружений (кроме электро- и газового снабжения),"Оплата за тепловую энергию по тарифам г.Благовещенск, ул.Богдана Хмельницкого 52/2, Административное здание",654783.62,2020-12-31,31.0,12.0,2020.0
2020,Хозяйственно-эксплуатационное направление Амур,Отделение по Амурской области Дальневосточного главного управления Центрального банка Российской Федерации,134.1100.020000,Расходы по оплате всех видов отопления зданий и сооружений (кроме электро- и газового снабжения),"Оплата за тепловую энергию по тарифам г.Благовещенск, ул.Богдана Хмельницкого 52/2, Контрольно-пропускной пункт",3421.83,2020-12-31,31.0,12.0,2020.0
2020,Хозяйственно-эксплуатационное направление Амур,Отделение по Амурской области Дальневосточного главного управления Центрального банка Российской Федерации,134.1100.020000,Расходы по оплате всех видов отопления зданий и сооружений (кроме электро- и газового снабжения),"Оплата за тепловую энергию по тарифам г.Зея, пер.Жуковский,15, Административное здание",1341260.13,2020-12-31,31.0,12.0,2020.0
2020,Хозяйственно-эксплуатационное направление Амур,Отделение по Амурской области Дальневосточного главного управления Центрального банка Российской Федерации,134.1100.020000,Расходы по оплате всех видов отопления зданий и сооружений (кроме электро- и газового снабжения),"Оплата за тепловую энергию по тарифам г.Тында ул. Профсоюзная, 12",1335465.82,2020-12-31,31.0,12.0,2020.0
2020,Хозяйственно-эксплуатационное направление Амур,Отделение по Амурской области Дальневосточного главного управления Центрального банка Российской Федерации,134.1100.020000,Расходы по оплате всех видов отопления зданий и сооружений (кроме электро- и газового снабжения),"Оплата за тепловую энергию по тарифам пгт. Магдагачи, ул. Ленина 29",47721.8,2020-12-31,31.0,12.0,2020.0
2020,Хозяйственно-эксплуатационное направление Амур,Отделение по Амурской области Дальневосточного главного управления Центрального банка Российской Федерации,134.1100.020000,Расходы по оплате всех видов отопления зданий и сооружений (кроме электро- и газового снабжения),"Оплата за тепловую энергию по тарифам г.Зея, пер.Жуковский,15, Гараж",410668.68,2020-12-31,31.0,12.0,2020.0
2020,Хозяйственно-эксплуатационное направление Амур,Отделение по Амурской области Дальневосточного главного управления Центрального банка Российской Федерации,134.1100.030000,"Расходы по оплате услуг водоснабжения, водоотведения","Оплата за холодное водоснабжение по тарифам г.Благовещенск, пер.Святителя Иннокентия, 17,  Административное здание",7819.57,2020-12-31,31.0,12.0,2020.0
2020,Хозяйственно-эксплуатационное направление Амур,Отделение по Амурской области Дальневосточного главного управления Центрального банка Российской Федерации,134.1100.030000,"Расходы по оплате услуг водоснабжения, водоотведения","Оплата за холодное водоснабжение по тарифам г.Благовещенск, пер.Святителя Иннокентия, 17, Администр.зд. (Пристройка)",4626.71,2020-12-31,31.0,12.0,2020.0
2020,Хозяйственно-эксплуатационное направление Амур,Отделение по Амурской области Дальневосточного главного управления Центрального банка Российской Федерации,134.1100.030000,"Расходы по оплате услуг водоснабжения, водоотведения","Оплата за холодное водоснабжение по тарифам г.Благовещенск, пер.Святителя Иннокентия, 17, Гараж",1975.99,2020-12-31,31.0,12.0,2020.0
2020,Хозяйственно-эксплуатационное направление Амур,Отделение по Амурской области Дальневосточного главного управления Центрального банка Российской Федерации,134.1100.030000,"Расходы по оплате услуг водоснабжения, водоотведения","Оплата за холодное водоснабжение по тарифам г.Благовещенск, пер.Святителя Иннокентия, 17, Пристройка к зданию (новая)",6823.35,2020-12-31,31.0,12.0,2020.0
2020,Хозяйственно-эксплуатационное направление Амур,Отделение по Амурской области Дальневосточного главного управления Центрального банка Российской Федерации,134.1100.030000,"Расходы по оплате услуг водоснабжения, водоотведения","Оплата за холодное водоснабжение по тарифам г.Благовещенск, ул.Богдана Хмельницкого, 52/2, Административное здание",9246.43,2020-12-31,31.0,12.0,2020.0
2020,Хозяйственно-эксплуатационное направление Амур,Отделение по Амурской области Дальневосточного главного управления Центрального банка Российской Федерации,134.1100.030000,"Расходы по оплате услуг водоснабжения, водоотведения","Оплата за холодное водоснабжение по тарифам г.Благовещенск, ул.Богдана Хмельницкого, 52/2, Контрольно-пропускной пункт",41.66,2020-12-31,31.0,12.0,2020.0
2020,Хозяйственно-эксплуатационное направление Амур,Отделение по Амурской области Дальневосточного главного управления Центрального банка Российской Федерации,134.1100.030000,"Расходы по оплате услуг водоснабжения, водоотведения","Оплата за холодное водоснабжение по тарифам г.Тында, ул.Профсоюзная,12",3764.52,2020-12-31,31.0,12.0,2020.0
2020,Хозяйственно-эксплуатационное направление Амур,Отделение по Амурской области Дальневосточного главного управления Центрального банка Российской Федерации,134.1100.030000,"Расходы по оплате услуг водоснабжения, водоотведения","Оплата за водоотведение по тарифам г.Благовещенск, пер.Святителя Иннокентия, 17,  Административное здание",12202.13,2020-12-31,31.0,12.0,2020.0
2020,Хозяйственно-эксплуатационное направление Амур,Отделение по Амурской области Дальневосточного главного управления Центрального банка Российской Федерации,134.1100.030000,"Расходы по оплате услуг водоснабжения, водоотведения","Оплата за водоотведение по тарифам г.Благовещенск, пер.Святителя Иннокентия, 17, Администр.зд. (Пристройка)",4297.82,2020-12-31,31.0,12.0,2020.0
2020,Хозяйственно-эксплуатационное направление Амур,Отделение по Амурской области Дальневосточного главного управления Центрального банка Российской Федерации,134.1100.030000,"Расходы по оплате услуг водоснабжения, водоотведения","Оплата за водоотведение по тарифам г.Благовещенск, пер.Святителя Иннокентия, 17, Пристройка к зданию (новая)",6356.49,2020-12-31,31.0,12.0,2020.0
2020,Хозяйственно-эксплуатационное направление Амур,Отделение по Амурской области Дальневосточного главного управления Центрального банка Российской Федерации,134.1100.030000,"Расходы по оплате услуг водоснабжения, водоотведения","Оплата за водоотведение по тарифам г.Благовещенск, ул.Богдана Хмельницкого, 52/2, Административное здание",10414.72,2020-12-31,31.0,12.0,2020.0
2020,Хозяйственно-эксплуатационное направление Амур,Отделение по Амурской области Дальневосточного главного управления Центрального банка Российской Федерации,134.1100.030000,"Расходы по оплате услуг водоснабжения, водоотведения","Оплата за водоотведение по тарифам г.Благовещенск, ул.Богдана Хмельницкого, 52/2, Контрольно-пропускной пункт",39.04,2020-12-31,31.0,12.0,2020.0
2020,Хозяйственно-эксплуатационное направление Амур,Отделение по Амурской области Дальневосточного главного управления Центрального банка Российской Федерации,134.1100.030000,"Расходы по оплате услуг водоснабжения, водоотведения","Оплата за водоотведение по тарифам г.Тында, ул.Профсоюзная,12",6263.18,2020-12-31,31.0,12.0,2020.0
2020,Хозяйственно-эксплуатационное направление Амур,Отделение по Амурской области Дальневосточного главного управления Центрального банка Российской Федерации,134.1100.030000,"Расходы по оплате услуг водоснабжения, водоотведения","Оплата за горячее водоснабжение по тарифам РКЦ Тында ул. Профсоюзная, 12",9016.16,2020-12-31,31.0,12.0,2020.0
2020,Хозяйственно-эксплуатационное направление Магадан,Отделение по Магаданской области Дальневосточного главного управления Центрального банка Российской Федерации,134.1100.010000,Расходы по оплате потребления электроэнергии,"Оплата за электроэнергию по тарифам здание г. Магадан, ул.Пушкина, 4",3513525.37,2020-12-31,31.0,12.0,2020.0
2020,Хозяйственно-эксплуатационное направление Магадан,Отделение по Магаданской области Дальневосточного главного управления Центрального банка Российской Федерации,134.1100.020000,Расходы по оплате всех видов отопления зданий и сооружений (кроме электро- и газового снабжения),"Оплата за тепловую энергию по тарифам здание г. Магадан, ул.Пушкина,6 (Гараж)",106718.23,2020-12-31,31.0,12.0,2020.0
2020,Хозяйственно-эксплуатационное направление Магадан,Отделение по Магаданской области Дальневосточного главного управления Центрального банка Российской Федерации,134.1100.020000,Расходы по оплате всех видов отопления зданий и сооружений (кроме электро- и газового снабжения),"Оплата за тепловую энергию по тарифам здание г. Магадан, ул.Пушкина, 4",3003939.7,2020-12-31,31.0,12.0,2020.0
2020,Хозяйственно-эксплуатационное направление Магадан,Отделение по Магаданской области Дальневосточного главного управления Центрального банка Российской Федерации,134.1100.020000,Расходы по оплате всех видов отопления зданий и сооружений (кроме электро- и газового снабжения),"Оплата за тепловую энергию по тарифам здание г. Магадан, ул.К.Маркса,36-20, кв.29",12236.53,2020-12-31,31.0,12.0,2020.0
2020,Хозяйственно-эксплуатационное направление Магадан,Отделение по Магаданской области Дальневосточного главного управления Центрального банка Российской Федерации,134.1100.030000,"Расходы по оплате услуг водоснабжения, водоотведения","Оплата за горячее водоснабжение по тарифам здание ул.Пушкина, 4",38263.54,2020-12-31,31.0,12.0,2020.0
2020,Хозяйственно-эксплуатационное направление Магадан,Отделение по Магаданской области Дальневосточного главного управления Центрального банка Российской Федерации,134.1100.030000,"Расходы по оплате услуг водоснабжения, водоотведения","Оплата за горячее водоснабжение по тарифам здание г. Магадан, ул. К.Маркса 36-20, кв.29",71.33,2020-12-31,31.0,12.0,2020.0
2020,Хозяйственно-эксплуатационное направление Магадан,Отделение по Магаданской области Дальневосточного главного управления Центрального банка Российской Федерации,134.1100.030000,"Расходы по оплате услуг водоснабжения, водоотведения","Оплата за холодное водоснабжение по тарифам здание ул.Пушкина, 4",12507.08,2020-12-31,31.0,12.0,2020.0
2020,Хозяйственно-эксплуатационное направление Магадан,Отделение по Магаданской области Дальневосточного главного управления Центрального банка Российской Федерации,134.1100.030000,"Расходы по оплате услуг водоснабжения, водоотведения","Оплата за водоотведение по тарифам здание ул.Пушкина, 4",27156.11,2020-12-31,31.0,12.0,2020.0
2020,Хозяйственно-эксплуатационное направление Камчатка,Отделение по Камчатскому краю Дальневосточного главного управления Центрального банка Российской Федерации,134.1100.010000,Расходы по оплате потребления электроэнергии,"Оплата за электроэнергию по тарифам зд. пгт. Палана ул. Поротова, 14",60968.6,2020-12-31,31.0,12.0,2020.0
2020,Хозяйственно-эксплуатационное направление Камчатка,Отделение по Камчатскому краю Дальневосточного главного управления Центрального банка Российской Федерации,134.1100.010000,Расходы по оплате потребления электроэнергии,"Оплата за электроэнергию по тарифам зд.  РКЦ Мильково ул. Ленинская, 33",398904.0,2020-12-31,31.0,12.0,2020.0
2020,Хозяйственно-эксплуатационное направление Камчатка,Отделение по Камчатскому краю Дальневосточного главного управления Центрального банка Российской Федерации,134.1100.010000,Расходы по оплате потребления электроэнергии,"Оплата за электроэнергию по тарифам зд. с. Тигиль ул. Партизанская, 11",53925.41,2020-12-31,31.0,12.0,2020.0
2020,Хозяйственно-эксплуатационное направление Камчатка,Отделение по Камчатскому краю Дальневосточного главного управления Центрального банка Российской Федерации,134.1100.010000,Расходы по оплате потребления электроэнергии,"Оплата за электроэнергию по тарифам зд.  ул. Ленинская, 22",3350173.45,2020-12-31,31.0,12.0,2020.0
2020,Хозяйственно-эксплуатационное направление Камчатка,Отделение по Камчатскому краю Дальневосточного главного управления Центрального банка Российской Федерации,134.1100.010000,Расходы по оплате потребления электроэнергии,"Оплата за электроэнергию по тарифам зд.  пр. Карла Маркса, 29/2",3795938.8,2020-12-31,31.0,12.0,2020.0
2020,Хозяйственно-эксплуатационное направление Камчатка,Отделение по Камчатскому краю Дальневосточного главного управления Центрального банка Российской Федерации,134.1100.020000,Расходы по оплате всех видов отопления зданий и сооружений (кроме электро- и газового снабжения),134.1100.020000 Оплата за дизельное топливо зд. пр. К/Маркса 29/2,15139074.81,2020-12-31,31.0,12.0,2020.0
2020,Хозяйственно-эксплуатационное направление Камчатка,Отделение по Камчатскому краю Дальневосточного главного управления Центрального банка Российской Федерации,134.1100.020000,Расходы по оплате всех видов отопления зданий и сооружений (кроме электро- и газового снабжения),134.1100.020000 Оплата за дизельное топливо зд. ул. Ленинская 22,2767.5,2020-12-31,31.0,12.0,2020.0
2020,Хозяйственно-эксплуатационное направление Камчатка,Отделение по Камчатскому краю Дальневосточного главного управления Центрального банка Российской Федерации,134.1100.020000,Расходы по оплате всех видов отопления зданий и сооружений (кроме электро- и газового снабжения),"134.1100.020000 Оплата за дизельное топливо зд. РКЦ Мильково, ул. Ленинская, 33",327.5,2020-12-31,31.0,12.0,2020.0
2020,Хозяйственно-эксплуатационное направление Камчатка,Отделение по Камчатскому краю Дальневосточного главного управления Центрального банка Российской Федерации,134.1100.020000,Расходы по оплате всех видов отопления зданий и сооружений (кроме электро- и газового снабжения),"Оплата за тепловую энергию по тарифам зд.  пгт. Палана ул. Поротова, 14",669642.33,2020-12-31,31.0,12.0,2020.0
2020,Хозяйственно-эксплуатационное направление Камчатка,Отделение по Камчатскому краю Дальневосточного главного управления Центрального банка Российской Федерации,134.1100.020000,Расходы по оплате всех видов отопления зданий и сооружений (кроме электро- и газового снабжения),"Оплата за тепловую энергию по тарифам зд. РКЦ Мильково, ул. Ленинская, 33",1138760.53,2020-12-31,31.0,12.0,2020.0
2020,Хозяйственно-эксплуатационное направление Камчатка,Отделение по Камчатскому краю Дальневосточного главного управления Центрального банка Российской Федерации,134.1100.020000,Расходы по оплате всех видов отопления зданий и сооружений (кроме электро- и газового снабжения),"Оплата за тепловую энергию по тарифам зд. с. Тигиль ул. Партизанская, 11",1524002.72,2020-12-31,31.0,12.0,2020.0
2020,Хозяйственно-эксплуатационное направление Камчатка,Отделение по Камчатскому краю Дальневосточного главного управления Центрального банка Российской Федерации,134.1100.020000,Расходы по оплате всех видов отопления зданий и сооружений (кроме электро- и газового снабжения),"Оплата за тепловую энергию по тарифам зд. ул. Ленинская, 22",681665.76,2020-12-31,31.0,12.0,2020.0
2020,Хозяйственно-эксплуатационное направление Камчатка,Отделение по Камчатскому краю Дальневосточного главного управления Центрального банка Российской Федерации,134.1100.030000,"Расходы по оплате услуг водоснабжения, водоотведения","Оплата за водоотведение по тарифам зд. пгт. Палана ул. Поротова, 14",3623.78,2020-12-31,31.0,12.0,2020.0
2020,Хозяйственно-эксплуатационное направление Камчатка,Отделение по Камчатскому краю Дальневосточного главного управления Центрального банка Российской Федерации,134.1100.030000,"Расходы по оплате услуг водоснабжения, водоотведения","Оплата за водоотведение по тарифам зд. РКЦ Мильково ул. Ленинская, 33",5347.25,2020-12-31,31.0,12.0,2020.0
2020,Хозяйственно-эксплуатационное направление Камчатка,Отделение по Камчатскому краю Дальневосточного главного управления Центрального банка Российской Федерации,134.1100.030000,"Расходы по оплате услуг водоснабжения, водоотведения","Оплата за водоотведение по тарифам зд. ул. Ленинская, 22",7230.29,2020-12-31,31.0,12.0,2020.0
2020,Хозяйственно-эксплуатационное направление Камчатка,Отделение по Камчатскому краю Дальневосточного главного управления Центрального банка Российской Федерации,134.1100.030000,"Расходы по оплате услуг водоснабжения, водоотведения","Оплата за водоотведение по тарифам зд. пр. Карла Маркса, 29/2",397046.69,2020-12-31,31.0,12.0,2020.0
2020,Хозяйственно-эксплуатационное направление Камчатка,Отделение по Камчатскому краю Дальневосточного главного управления Центрального банка Российской Федерации,134.1100.030000,"Расходы по оплате услуг водоснабжения, водоотведения","Оплата за горячее водоснабжение по тарифам РКЦ Мильково ул. Ленинская, 33",9000.58,2020-12-31,31.0,12.0,2020.0
2020,Хозяйственно-эксплуатационное направление Камчатка,Отделение по Камчатскому краю Дальневосточного главного управления Центрального банка Российской Федерации,134.1100.030000,"Расходы по оплате услуг водоснабжения, водоотведения","Оплата за холодное водоснабжение по тарифам зд. пгт. Палана ул. Поротова, 14",2563.88,2020-12-31,31.0,12.0,2020.0
2020,Хозяйственно-эксплуатационное направление Камчатка,Отделение по Камчатскому краю Дальневосточного главного управления Центрального банка Российской Федерации,134.1100.030000,"Расходы по оплате услуг водоснабжения, водоотведения","Оплата за холодное водоснабжение по тарифам зд. РКЦ Мильково ул. Ленинская, 33",3217.39,2020-12-31,31.0,12.0,2020.0
2020,Хозяйственно-эксплуатационное направление Камчатка,Отделение по Камчатскому краю Дальневосточного главного управления Центрального банка Российской Федерации,134.1100.030000,"Расходы по оплате услуг водоснабжения, водоотведения","Оплата за холодное водоснабжение по тарифам зд. с. Тигиль ул. Партизанская, 11",120.19,2020-12-31,31.0,12.0,2020.0
2020,Хозяйственно-эксплуатационное направление Камчатка,Отделение по Камчатскому краю Дальневосточного главного управления Центрального банка Российской Федерации,134.1100.030000,"Расходы по оплате услуг водоснабжения, водоотведения","Оплата за холодное водоснабжение по тарифам зд. ул. Ленинская, 22",11402.17,2020-12-31,31.0,12.0,2020.0
2020,Хозяйственно-эксплуатационное направление Камчатка,Отделение по Камчатскому краю Дальневосточного главного управления Центрального банка Российской Федерации,134.1100.030000,"Расходы по оплате услуг водоснабжения, водоотведения","Оплата за холодное водоснабжение по тарифам зд. пр. Карла Маркса, 29/2",143990.71,2020-12-31,31.0,12.0,2020.0
2020,Хозяйственно-эксплуатационное направление Хабаровск,Отделение по Хабаровскому краю Дальневосточного главного управления Центрального банка Российской Федерации,134.1100.010000,Расходы по оплате потребления электроэнергии,"Оплата за  электроэнергию по тарифам РКЦ Комсомольск-на-Амуре, пр. Первостроителей, 19",723789.78,2020-12-31,31.0,12.0,2020.0
2020,Хозяйственно-эксплуатационное направление Хабаровск,Отделение по Хабаровскому краю Дальневосточного главного управления Центрального банка Российской Федерации,134.1100.010000,Расходы по оплате потребления электроэнергии,"Оплата за электроэнергию по тарифам РКЦ Советская Гавань,  ул. Советская, 26",721279.37,2020-12-31,31.0,12.0,2020.0
2020,Хозяйственно-эксплуатационное направление Хабаровск,Отделение по Хабаровскому краю Дальневосточного главного управления Центрального банка Российской Федерации,134.1100.010000,Расходы по оплате потребления электроэнергии,"Оплата за электроэнергию по тарифам зд. ул. Воронежская, 154",5339676.55,2020-12-31,31.0,12.0,2020.0
2020,Хозяйственно-эксплуатационное направление Хабаровск,Отделение по Хабаровскому краю Дальневосточного главного управления Центрального банка Российской Федерации,134.1100.010000,Расходы по оплате потребления электроэнергии,"Оплата за электроэнергию по тарифам зд. ул. М-Амурского, 42",2769297.76,2020-12-31,31.0,12.0,2020.0
2020,Хозяйственно-эксплуатационное направление Хабаровск,Отделение по Хабаровскому краю Дальневосточного главного управления Центрального банка Российской Федерации,134.1100.010000,Расходы по оплате потребления электроэнергии,"Оплата за электроэнергию по тарифам зд. ул.М-Амурского, 21",2348532.15,2020-12-31,31.0,12.0,2020.0
2020,Хозяйственно-эксплуатационное направление Хабаровск,Отделение по Хабаровскому краю Дальневосточного главного управления Центрального банка Российской Федерации,134.1100.010000,Расходы по оплате потребления электроэнергии,"Оплата за электроэнергию по тарифам зд. с. Троицкое, ул. Калинина, 95",27093.07,2020-12-31,31.0,12.0,2020.0
2020,Хозяйственно-эксплуатационное направление Хабаровск,Отделение по Хабаровскому краю Дальневосточного главного управления Центрального банка Российской Федерации,134.1100.020000,Расходы по оплате всех видов отопления зданий и сооружений (кроме электро- и газового снабжения),"Оплата за  тепловую энергию по тарифам РКЦ Комсомольск-на-Амуре, пр. Первостроителей, 19",726723.4,2020-12-31,31.0,12.0,2020.0
2020,Хозяйственно-эксплуатационное направление Хабаровск,Отделение по Хабаровскому краю Дальневосточного главного управления Центрального банка Российской Федерации,134.1100.020000,Расходы по оплате всех видов отопления зданий и сооружений (кроме электро- и газового снабжения),"Оплата за тепловую энергию по тарифам зд. ул, Воронежская, 154",5986530.65,2020-12-31,31.0,12.0,2020.0
2020,Хозяйственно-эксплуатационное направление Хабаровск,Отделение по Хабаровскому краю Дальневосточного главного управления Центрального банка Российской Федерации,134.1100.020000,Расходы по оплате всех видов отопления зданий и сооружений (кроме электро- и газового снабжения),"Оплата за тепловую энергию по тарифам зд. ул. М- Амурского, 21",1004333.49,2020-12-31,31.0,12.0,2020.0
2020,Хозяйственно-эксплуатационное направление Хабаровск,Отделение по Хабаровскому краю Дальневосточного главного управления Центрального банка Российской Федерации,134.1100.020000,Расходы по оплате всех видов отопления зданий и сооружений (кроме электро- и газового снабжения),"Оплата за тепловую энергию по тарифам зд. ул. М- Амурского, 42",29265.06,2020-12-31,31.0,12.0,2020.0
2020,Хозяйственно-эксплуатационное направление Хабаровск,Отделение по Хабаровскому краю Дальневосточного главного управления Центрального банка Российской Федерации,134.1100.020000,Расходы по оплате всех видов отопления зданий и сооружений (кроме электро- и газового снабжения),"Оплата за тепловую энергию по тарифам РКЦ Советская Гавань, ул. Советская, 26",1505917.46,2020-12-31,31.0,12.0,2020.0
2020,Хозяйственно-эксплуатационное направление Хабаровск,Отделение по Хабаровскому краю Дальневосточного главного управления Центрального банка Российской Федерации,134.1100.020000,Расходы по оплате всех видов отопления зданий и сооружений (кроме электро- и газового снабжения),"Оплата за тепловую энергию по тарифам с. Троицкое, ул. Калинина, 95",321806.99,2020-12-31,31.0,12.0,2020.0
2020,Хозяйственно-эксплуатационное направление Хабаровск,Отделение по Хабаровскому краю Дальневосточного главного управления Центрального банка Российской Федерации,134.1100.020000,Расходы по оплате всех видов отопления зданий и сооружений (кроме электро- и газового снабжения),"Оплата за тепловую энергию по тарифам зд. ул. М- Амурского, 42",2536732.97,2020-12-31,31.0,12.0,2020.0
2020,Хозяйственно-эксплуатационное направление Хабаровск,Отделение по Хабаровскому краю Дальневосточного главного управления Центрального банка Российской Федерации,134.1100.020000,Расходы по оплате всех видов отопления зданий и сооружений (кроме электро- и газового снабжения),"Оплата за тепловую энергию по тарифам здание гараж Советская Гавань, ул. Советская, 27",3548.01,2020-12-31,31.0,12.0,2020.0
2020,Хозяйственно-эксплуатационное направление Хабаровск,Отделение по Хабаровскому краю Дальневосточного главного управления Центрального банка Российской Федерации,134.1100.030000,"Расходы по оплате услуг водоснабжения, водоотведения","Оплата за водоотведение по тарифам РКЦ Советская Гавань,  ул. Советская, 26",3643.95,2020-12-31,31.0,12.0,2020.0
2020,Хозяйственно-эксплуатационное направление Хабаровск,Отделение по Хабаровскому краю Дальневосточного главного управления Центрального банка Российской Федерации,134.1100.030000,"Расходы по оплате услуг водоснабжения, водоотведения","Оплата за  водоотведение по тарифам зд. ул. Воронежская, 154",61829.5,2020-12-31,31.0,12.0,2020.0
2020,Хозяйственно-эксплуатационное направление Хабаровск,Отделение по Хабаровскому краю Дальневосточного главного управления Центрального банка Российской Федерации,134.1100.030000,"Расходы по оплате услуг водоснабжения, водоотведения","Оплата за  водоотведение по тарифам зд. ул. М-Амурского, 21",35512.08,2020-12-31,31.0,12.0,2020.0
2020,Хозяйственно-эксплуатационное направление Хабаровск,Отделение по Хабаровскому краю Дальневосточного главного управления Центрального банка Российской Федерации,134.1100.030000,"Расходы по оплате услуг водоснабжения, водоотведения","Оплата за  водоотведение по тарифам зд. ул. М-Амурского, 42",81890.61,2020-12-31,31.0,12.0,2020.0
2020,Хозяйственно-эксплуатационное направление Хабаровск,Отделение по Хабаровскому краю Дальневосточного главного управления Центрального банка Российской Федерации,134.1100.030000,"Расходы по оплате услуг водоснабжения, водоотведения","Оплата за  водоотведение по тарифам РКЦ Комсомольск-на-Амуре, пр. Первостроителей, 19",6735.89,2020-12-31,31.0,12.0,2020.0
2020,Хозяйственно-эксплуатационное направление Хабаровск,Отделение по Хабаровскому краю Дальневосточного главного управления Центрального банка Российской Федерации,134.1100.030000,"Расходы по оплате услуг водоснабжения, водоотведения","Оплата за холодное водоснабжение по тарифам РКЦ Советская Гавань, ул. Советская, 26",9740.27,2020-12-31,31.0,12.0,2020.0
2020,Хозяйственно-эксплуатационное направление Хабаровск,Отделение по Хабаровскому краю Дальневосточного главного управления Центрального банка Российской Федерации,134.1100.030000,"Расходы по оплате услуг водоснабжения, водоотведения","Оплата за холодное водоснабжение по тарифам зд. ул. Воронежская, 154",52621.34,2020-12-31,31.0,12.0,2020.0
2020,Хозяйственно-эксплуатационное направление Хабаровск,Отделение по Хабаровскому краю Дальневосточного главного управления Центрального банка Российской Федерации,134.1100.030000,"Расходы по оплате услуг водоснабжения, водоотведения","Оплата за холодное водоснабжение по тарифам зд. ул. М- Амурского, 21",44056.76,2020-12-31,31.0,12.0,2020.0
2020,Хозяйственно-эксплуатационное направление Хабаровск,Отделение по Хабаровскому краю Дальневосточного главного управления Центрального банка Российской Федерации,134.1100.030000,"Расходы по оплате услуг водоснабжения, водоотведения","Оплата за холодное водоснабжение по тарифам зд. ул. М- Амурского, 42",36790.45,2020-12-31,31.0,12.0,2020.0
2020,Хозяйственно-эксплуатационное направление Хабаровск,Отделение по Хабаровскому краю Дальневосточного главного управления Центрального банка Российской Федерации,134.1100.030000,"Расходы по оплате услуг водоснабжения, водоотведения","Оплата за холодное водоснабжение по тарифам РКЦ Комсомольск-на-Амуре,пр. Первостроителей, 19",6484.5,2020-12-31,31.0,12.0,2020.0
2020,Хозяйственно-эксплуатационное направление Хабаровск,Отделение по Хабаровскому краю Дальневосточного главного управления Центрального банка Российской Федерации,134.1100.030000,"Расходы по оплате услуг водоснабжения, водоотведения","Оплата за  горячее водоснабжение по тарифам зд. Комсомольск -на- Амуре, пр. Первостроителей, 19",5380.67,2020-12-31,31.0,12.0,2020.0
2020,Хозяйственно-эксплуатационное направление Хабаровск,Отделение по Хабаровскому краю Дальневосточного главного управления Центрального банка Российской Федерации,134.1100.030000,"Расходы по оплате услуг водоснабжения, водоотведения","Оплата за горячее водоснабжение по тарифам зд. ул. Воронежская, 154",4216.12,2020-12-31,31.0,12.0,2020.0
2020,Хозяйственно-эксплуатационное направление Хабаровск,Отделение по Хабаровскому краю Дальневосточного главного управления Центрального банка Российской Федерации,134.1100.030000,"Расходы по оплате услуг водоснабжения, водоотведения","Оплата за горячее водоснабжение по тарифам зд. ул. М-Амурского, 42",61781.2,2020-12-31,31.0,12.0,2020.0
2020,Хозяйственно-эксплуатационное направление Хабаровск,Отделение по Хабаровскому краю Дальневосточного главного управления Центрального банка Российской Федерации,134.1100.030000,"Расходы по оплате услуг водоснабжения, водоотведения","Оплата за горячее водоснабжение по тарифам РКЦ Советская Гавань, ул. Советская, 26",114.07,2020-12-31,31.0,12.0,2020.0
2020,Хозяйственно-эксплуатационное направление Сахалин,Отделение по Сахалинской области Дальневосточного главного управления Центрального банка Российской Федерации,134.1100.010000,Расходы по оплате потребления электроэнергии,"Расходы по оплате потребления электроэнергии, г. Южно-Сахалинск, Коммунистический пр-т, д. 47",4664366.87,2020-12-31,31.0,12.0,2020.0
2020,Хозяйственно-эксплуатационное направление Сахалин,Отделение по Сахалинской области Дальневосточного главного управления Центрального банка Российской Федерации,134.1100.010000,Расходы по оплате потребления электроэнергии,"Расходы по оплате потребления электроэнергии, г. Южно-Сахалинск, ул. Карла Маркса, д. 16",250860.0,2020-12-31,31.0,12.0,2020.0
2020,Хозяйственно-эксплуатационное направление Сахалин,Отделение по Сахалинской области Дальневосточного главного управления Центрального банка Российской Федерации,134.1100.010000,Расходы по оплате потребления электроэнергии,Расходы по оплате потребления электроэнергии РКЦ Курильск,364998.0,2020-12-31,31.0,12.0,2020.0
2020,Хозяйственно-эксплуатационное направление Сахалин,Отделение по Сахалинской области Дальневосточного главного управления Центрального банка Российской Федерации,134.1100.020000,Расходы по оплате всех видов отопления зданий и сооружений (кроме электро- и газового снабжения),"Расходы по оплате отопления, г. Южно-Сахалинск, Коммунистический пр-т, д. 47",1868597.7,2020-12-31,31.0,12.0,2020.0
2020,Хозяйственно-эксплуатационное направление Сахалин,Отделение по Сахалинской области Дальневосточного главного управления Центрального банка Российской Федерации,134.1100.020000,Расходы по оплате всех видов отопления зданий и сооружений (кроме электро- и газового снабжения),"Расходы по оплате отопления, г. Южно-Сахалинск, ул. Карла Маркса, д. 16",10447.87,2020-12-31,31.0,12.0,2020.0
2020,Хозяйственно-эксплуатационное направление Сахалин,Отделение по Сахалинской области Дальневосточного главного управления Центрального банка Российской Федерации,134.1100.020000,Расходы по оплате всех видов отопления зданий и сооружений (кроме электро- и газового снабжения),Расходы по оплате отопления РКЦ Курильск,775366.93,2020-12-31,31.0,12.0,2020.0
2020,Хозяйственно-эксплуатационное направление Сахалин,Отделение по Сахалинской области Дальневосточного главного управления Центрального банка Российской Федерации,134.1100.020000,Расходы по оплате всех видов отопления зданий и сооружений (кроме электро- и газового снабжения),Расходы по приобретению дизельного топлива (отопление) РКЦ Курильск,63255.74,2020-12-31,31.0,12.0,2020.0
2020,Хозяйственно-эксплуатационное направление Сахалин,Отделение по Сахалинской области Дальневосточного главного управления Центрального банка Российской Федерации,134.1100.030000,"Расходы по оплате услуг водоснабжения, водоотведения","Расходы по оплате водоотведения, г. Южно-Сахалинск, Коммунистический пр-т, д. 47",33253.76,2020-12-31,31.0,12.0,2020.0
2020,Хозяйственно-эксплуатационное направление Сахалин,Отделение по Сахалинской области Дальневосточного главного управления Центрального банка Российской Федерации,134.1100.030000,"Расходы по оплате услуг водоснабжения, водоотведения",Расходы по оплате водоотведения РКЦ Курильск,6753.14,2020-12-31,31.0,12.0,2020.0
2020,Хозяйственно-эксплуатационное направление Сахалин,Отделение по Сахалинской области Дальневосточного главного управления Центрального банка Российской Федерации,134.1100.030000,"Расходы по оплате услуг водоснабжения, водоотведения","Расходы по оплате холодного водоснабжения, г. Южно-Сахалинск, Коммунистический пр-т, д. 47",54664.61,2020-12-31,31.0,12.0,2020.0
2020,Хозяйственно-эксплуатационное направление Сахалин,Отделение по Сахалинской области Дальневосточного главного управления Центрального банка Российской Федерации,134.1100.030000,"Расходы по оплате услуг водоснабжения, водоотведения",Расходы по оплате холодного водоснабжения РКЦ Курильск,10391.98,2020-12-31,31.0,12.0,2020.0
2020,Хозяйственно-эксплуатационное направление Якутия,Отделение - Национальный банк по Республике Саха (Якутия) Дальневосточного главного управления Центрального банка Российской Федерации,134.1100.010000,Расходы по оплате потребления электроэнергии,"Оплата за электроэнергию по тарифам здание г.Якутск,  ул.Кирова,17",4375352.37,2020-12-31,31.0,12.0,2020.0
2020,Хозяйственно-эксплуатационное направление Якутия,Отделение - Национальный банк по Республике Саха (Якутия) Дальневосточного главного управления Центрального банка Российской Федерации,134.1100.010000,Расходы по оплате потребления электроэнергии,"Оплата за электроэнергию по тарифам часть жилого здания г.Якутск, ул.50 лет Советской Армии, 31/7",844.35,2020-12-31,31.0,12.0,2020.0
2020,Хозяйственно-эксплуатационное направление Якутия,Отделение - Национальный банк по Республике Саха (Якутия) Дальневосточного главного управления Центрального банка Российской Федерации,134.1100.010000,Расходы по оплате потребления электроэнергии,Оплата за электроэнергию по тарифам здание  г.Покровск,7230.02,2020-12-31,31.0,12.0,2020.0
2020,Хозяйственно-эксплуатационное направление Якутия,Отделение - Национальный банк по Республике Саха (Якутия) Дальневосточного главного управления Центрального банка Российской Федерации,134.1100.010000,Расходы по оплате потребления электроэнергии,"Оплата за электроэнергию по тарифам здание РКЦ Ленск, ул.Ленина, 70",479639.42,2020-12-31,31.0,12.0,2020.0
2020,Хозяйственно-эксплуатационное направление Якутия,Отделение - Национальный банк по Республике Саха (Якутия) Дальневосточного главного управления Центрального банка Российской Федерации,134.1100.010000,Расходы по оплате потребления электроэнергии,Оплата за электроэнергию по тарифам здание  РКЦ Нерюнгри,592188.43,2020-12-31,31.0,12.0,2020.0
2020,Хозяйственно-эксплуатационное направление Якутия,Отделение - Национальный банк по Республике Саха (Якутия) Дальневосточного главного управления Центрального банка Российской Федерации,134.1100.010000,Расходы по оплате потребления электроэнергии,"Оплата за электроэнергию по тарифам здание г.Якутск, (Гараж)  ул.Ленина, 22",118.57,2020-12-31,31.0,12.0,2020.0
2020,Хозяйственно-эксплуатационное направление Якутия,Отделение - Национальный банк по Республике Саха (Якутия) Дальневосточного главного управления Центрального банка Российской Федерации,134.1100.020000,Расходы по оплате всех видов отопления зданий и сооружений (кроме электро- и газового снабжения),"Оплата за тепловую энергию по тарифам часть жилого здания г.Якутск, ул.50 лет Советской Армии, 31/7",243984.3,2020-12-31,31.0,12.0,2020.0
2020,Хозяйственно-эксплуатационное направление Якутия,Отделение - Национальный банк по Республике Саха (Якутия) Дальневосточного главного управления Центрального банка Российской Федерации,134.1100.020000,Расходы по оплате всех видов отопления зданий и сооружений (кроме электро- и газового снабжения),Оплата за тепловую энергию по тарифам здание г. Покровск,403344.91,2020-12-31,31.0,12.0,2020.0
2020,Хозяйственно-эксплуатационное направление Якутия,Отделение - Национальный банк по Республике Саха (Якутия) Дальневосточного главного управления Центрального банка Российской Федерации,134.1100.020000,Расходы по оплате всех видов отопления зданий и сооружений (кроме электро- и газового снабжения),"Оплата за тепловую энергию по тарифам здание РКЦ Ленск, ул.Ленина, 70",1349022.74,2020-12-31,31.0,12.0,2020.0
2020,Хозяйственно-эксплуатационное направление Якутия,Отделение - Национальный банк по Республике Саха (Якутия) Дальневосточного главного управления Центрального банка Российской Федерации,134.1100.020000,Расходы по оплате всех видов отопления зданий и сооружений (кроме электро- и газового снабжения),Оплата за тепловую энергию по тарифам здание РКЦ Нерюнгри,946700.71,2020-12-31,31.0,12.0,2020.0
2020,Хозяйственно-эксплуатационное направление Якутия,Отделение - Национальный банк по Республике Саха (Якутия) Дальневосточного главного управления Центрального банка Российской Федерации,134.1100.020000,Расходы по оплате всех видов отопления зданий и сооружений (кроме электро- и газового снабжения),"Оплата за тепловую энергию по тарифам здание г.Якутск,  ул.Ленина, 22",5366.11,2020-12-31,31.0,12.0,2020.0
2020,Хозяйственно-эксплуатационное направление Якутия,Отделение - Национальный банк по Республике Саха (Якутия) Дальневосточного главного управления Центрального банка Российской Федерации,134.1100.030000,"Расходы по оплате услуг водоснабжения, водоотведения",Оплата за холодное водоснабжение по тарифам здание г.Покровск,10863.66,2020-12-31,31.0,12.0,2020.0
2020,Хозяйственно-эксплуатационное направление Якутия,Отделение - Национальный банк по Республике Саха (Якутия) Дальневосточного главного управления Центрального банка Российской Федерации,134.1100.030000,"Расходы по оплате услуг водоснабжения, водоотведения","Оплата за холодное водоснабжение по тарифам зд. РКЦ Ленск, ул.Ленина, 70",3888.65,2020-12-31,31.0,12.0,2020.0
2020,Хозяйственно-эксплуатационное направление Якутия,Отделение - Национальный банк по Республике Саха (Якутия) Дальневосточного главного управления Центрального банка Российской Федерации,134.1100.030000,"Расходы по оплате услуг водоснабжения, водоотведения",Оплата за холодное водоснабжение по тарифам здание РКЦ Нерюнгри,12889.26,2020-12-31,31.0,12.0,2020.0
2020,Хозяйственно-эксплуатационное направление Якутия,Отделение - Национальный банк по Республике Саха (Якутия) Дальневосточного главного управления Центрального банка Российской Федерации,134.1100.030000,"Расходы по оплате услуг водоснабжения, водоотведения","Оплата за холодное водоснабжение по тарифам здание г.Якутск,  ул.Кирова,17",89605.88,2020-12-31,31.0,12.0,2020.0
2020,Хозяйственно-эксплуатационное направление Якутия,Отделение - Национальный банк по Республике Саха (Якутия) Дальневосточного главного управления Центрального банка Российской Федерации,134.1100.030000,"Расходы по оплате услуг водоснабжения, водоотведения",Оплата за горячее водоснабжение по тарифам здание г.Покровск,1550.36,2020-12-31,31.0,12.0,2020.0
2020,Хозяйственно-эксплуатационное направление Якутия,Отделение - Национальный банк по Республике Саха (Якутия) Дальневосточного главного управления Центрального банка Российской Федерации,134.1100.030000,"Расходы по оплате услуг водоснабжения, водоотведения","Оплата за  водоотведение по тарифам здание РКЦ Ленск, ул.Ленина,70",13747.79,2020-12-31,31.0,12.0,2020.0
2020,Хозяйственно-эксплуатационное направление Якутия,Отделение - Национальный банк по Республике Саха (Якутия) Дальневосточного главного управления Центрального банка Российской Федерации,134.1100.030000,"Расходы по оплате услуг водоснабжения, водоотведения",Оплата за водоотведение по тарифам здание РКЦ Нерюнгри,17321.95,2020-12-31,31.0,12.0,2020.0
2020,Хозяйственно-эксплуатационное направление Якутия,Отделение - Национальный банк по Республике Саха (Якутия) Дальневосточного главного управления Центрального банка Российской Федерации,134.1100.030000,"Расходы по оплате услуг водоснабжения, водоотведения","Оплата за  водоотведение  по тарифам здание г.Якутск,  ул.Кирова, 17",127028.16,2020-12-31,31.0,12.0,2020.0
2020,Хозяйственно-эксплуатационное направление Якутия,Отделение - Национальный банк по Республике Саха (Якутия) Дальневосточного главного управления Центрального банка Российской Федерации,134.1100.030000,"Расходы по оплате услуг водоснабжения, водоотведения",Оплата за водоотведение по тарифам здание г.Покровск,13853.97,2020-12-31,31.0,12.0,2020.0
2020,Хозяйственно-эксплуатационное направление Якутия,Отделение - Национальный банк по Республике Саха (Якутия) Дальневосточного главного управления Центрального банка Российской Федерации,134.1100.040000,Расходы по оплате потребления газа,"Оплата потребления газа по тарифам зд. ул.Кирова,17",784320.06,2020-12-31,31.0,12.0,2020.0
2020,Столовая Дальневосточного ГУ Банка России г. Владивосток,Дальневосточное главное управление Центрального банка Российской Федерации,134.1100.010000,Расходы по оплате потребления электроэнергии,"Оплата за электроэнергию по тарифам г. Влад-к, ул. Светланская, 71 (Буфет)",36756.16,2020-12-31,31.0,12.0,2020.0
2020,Столовая Дальневосточного ГУ Банка России г. Владивосток,Дальневосточное главное управление Центрального банка Российской Федерации,134.1100.010000,Расходы по оплате потребления электроэнергии,"Оплата за электроэнергию по тарифам г. Влад-к, ул. Светланская, 73 (Столовая)",260370.14,2020-12-31,31.0,12.0,2020.0
2020,Столовая Дальневосточного ГУ Банка России г. Владивосток,Дальневосточное главное управление Центрального банка Российской Федерации,134.1100.020000,Расходы по оплате всех видов отопления зданий и сооружений (кроме электро- и газового снабжения),"Оплата за тепловую энергию по тарифам ул. Светланская, 71 (Буфет)",12128.48,2020-12-31,31.0,12.0,2020.0
2020,Столовая Дальневосточного ГУ Банка России г. Владивосток,Дальневосточное главное управление Центрального банка Российской Федерации,134.1100.020000,Расходы по оплате всех видов отопления зданий и сооружений (кроме электро- и газового снабжения),"Оплата за тепловую энергию по тарифам ул. Светланская, 73 (Столовая)",88670.55,2020-12-31,31.0,12.0,2020.0
2020,Столовая Дальневосточного ГУ Банка России г. Владивосток,Дальневосточное главное управление Центрального банка Российской Федерации,134.1100.030000,"Расходы по оплате услуг водоснабжения, водоотведения","134.11100.03000 Расходы по оплате услуг за холодное водоснабжение по тарифам ул. Светланская,73 (столовая)",13668.48,2020-12-31,31.0,12.0,2020.0
2020,Столовая Дальневосточного ГУ Банка России г. Владивосток,Дальневосточное главное управление Центрального банка Российской Федерации,134.1100.030000,"Расходы по оплате услуг водоснабжения, водоотведения","134.1100.030000 расходы по оплате услуг за холодное водоснабжение по тарифам ул. Светланская,71 (буфет)",226.24,2020-12-31,31.0,12.0,2020.0
2020,Столовая Дальневосточного ГУ Банка России г. Владивосток,Дальневосточное главное управление Центрального банка Российской Федерации,134.1100.030000,"Расходы по оплате услуг водоснабжения, водоотведения","Оплата за водоотведение по тарифам г. Влад-к, ул. Светланская, 71 (Буфет)",120.06,2020-12-31,31.0,12.0,2020.0
2020,Столовая Дальневосточного ГУ Банка России г. Владивосток,Дальневосточное главное управление Центрального банка Российской Федерации,134.1100.030000,"Расходы по оплате услуг водоснабжения, водоотведения","Оплата за водоотведение по тарифам г. Влад-к, ул. Светланская, 73  (Столовая)",7285.41,2020-12-31,31.0,12.0,2020.0
2020,Общежитие Дальневосточного ГУ Банка России г. Владивосток,Дальневосточное главное управление Центрального банка Российской Федерации,134.1100.010000,Расходы по оплате потребления электроэнергии,"Оплата за электроэнергию по тарифам зд. ул.Верхнепортовая, 44",38879.23,2020-12-31,31.0,12.0,2020.0
2020,Общежитие Дальневосточного ГУ Банка России г. Владивосток,Дальневосточное главное управление Центрального банка Российской Федерации,134.1100.020000,Расходы по оплате всех видов отопления зданий и сооружений (кроме электро- и газового снабжения),"Оплата за тепловую энергию по тарифам зд. ул.Верхнепортовая, 44",105262.7,2020-12-31,31.0,12.0,2020.0
2020,Общежитие Дальневосточного ГУ Банка России г. Владивосток,Дальневосточное главное управление Центрального банка Российской Федерации,134.1100.030000,"Расходы по оплате услуг водоснабжения, водоотведения","Оплата за водоотведение по тарифам зд. ул.Верхнепортовая, 44",8413.0,2020-12-31,31.0,12.0,2020.0
2020,Общежитие Дальневосточного ГУ Банка России г. Владивосток,Дальневосточное главное управление Центрального банка Российской Федерации,134.1100.030000,"Расходы по оплате услуг водоснабжения, водоотведения","Оплата за холодное водоснабжение по тарифам зд. ул.Верхнепортовая, 44",12885.89,2020-12-31,31.0,12.0,2020.0
2020,Общежитие Дальневосточного ГУ Банка России г. Владивосток,Дальневосточное главное управление Центрального банка Российской Федерации,134.1100.030000,"Расходы по оплате услуг водоснабжения, водоотведения","Оплата за горячее водоснабжение по тарифам зд. ул.Верхнепортовая, 44",821.17,2020-12-31,31.0,12.0,2020.0
2020,Столовая Отделения по Камчатскому краю Дальневосточного ГУ Банка России,Отделение по Камчатскому краю Дальневосточного главного управления Центрального банка Российской Федерации,134.1100.010000,Расходы по оплате потребления электроэнергии,Оплата за электроэнергию по тарифам,439438.08,2020-12-31,31.0,12.0,2020.0
2020,Столовая Отделения по Камчатскому краю Дальневосточного ГУ Банка России,Отделение по Камчатскому краю Дальневосточного главного управления Центрального банка Российской Федерации,134.1100.020000,Расходы по оплате всех видов отопления зданий и сооружений (кроме электро- и газового снабжения),134.1100.020000 Оплата за дизельное топливо зд. пр. К/Маркса 29/2,623033.58,2020-12-31,31.0,12.0,2020.0
2020,Столовая Отделения по Камчатскому краю Дальневосточного ГУ Банка России,Отделение по Камчатскому краю Дальневосточного главного управления Центрального банка Российской Федерации,134.1100.030000,"Расходы по оплате услуг водоснабжения, водоотведения",Оплата за водоотведение по тарифам,310119.53,2020-12-31,31.0,12.0,2020.0
2020,Столовая Отделения по Камчатскому краю Дальневосточного ГУ Банка России,Отделение по Камчатскому краю Дальневосточного главного управления Центрального банка Российской Федерации,134.1100.030000,"Расходы по оплате услуг водоснабжения, водоотведения",Оплата за холодное водоснабжение по тарифам,46037.29,2020-12-31,31.0,12.0,2020.0
2020,Столовая Отделения по Хабаровскому краю Дальневосточного ГУ Банка России,Отделение по Хабаровскому краю Дальневосточного главного управления Центрального банка Российской Федерации,134.1100.010000,Расходы по оплате потребления электроэнергии,"Оплата за электроэнергию по тарифам ул. Воронежская, 154",279786.24,2020-12-31,31.0,12.0,2020.0
2020,Столовая Отделения по Хабаровскому краю Дальневосточного ГУ Банка России,Отделение по Хабаровскому краю Дальневосточного главного управления Центрального банка Российской Федерации,134.1100.010000,Расходы по оплате потребления электроэнергии,"Оплата за электроэнергию по тарифам ул. Муравьева-Амурского, 21",341171.76,2020-12-31,31.0,12.0,2020.0
2020,Столовая Отделения по Хабаровскому краю Дальневосточного ГУ Банка России,Отделение по Хабаровскому краю Дальневосточного главного управления Центрального банка Российской Федерации,134.1100.010000,Расходы по оплате потребления электроэнергии,"Оплата за электроэнергию по тарифам ул. Муравьева-Амурского, 42",103503.9,2020-12-31,31.0,12.0,2020.0
2020,Столовая Отделения по Хабаровскому краю Дальневосточного ГУ Банка России,Отделение по Хабаровскому краю Дальневосточного главного управления Центрального банка Российской Федерации,134.1100.020000,Расходы по оплате всех видов отопления зданий и сооружений (кроме электро- и газового снабжения),"Оплата за тепловую энергию по тарифам ул. Воронежская, 154",429449.84,2020-12-31,31.0,12.0,2020.0
2020,Столовая Отделения по Хабаровскому краю Дальневосточного ГУ Банка России,Отделение по Хабаровскому краю Дальневосточного главного управления Центрального банка Российской Федерации,134.1100.020000,Расходы по оплате всех видов отопления зданий и сооружений (кроме электро- и газового снабжения),"Оплата за тепловую энергию по тарифам ул. Муравьева-Амурского, 21",217604.45,2020-12-31,31.0,12.0,2020.0
2020,Столовая Отделения по Хабаровскому краю Дальневосточного ГУ Банка России,Отделение по Хабаровскому краю Дальневосточного главного управления Центрального банка Российской Федерации,134.1100.020000,Расходы по оплате всех видов отопления зданий и сооружений (кроме электро- и газового снабжения),"Оплата за тепловую энергию по тарифам ул. Муравьева-Амурского, 42",127132.22,2020-12-31,31.0,12.0,2020.0
2020,Столовая Отделения по Хабаровскому краю Дальневосточного ГУ Банка России,Отделение по Хабаровскому краю Дальневосточного главного управления Центрального банка Российской Федерации,134.1100.030000,"Расходы по оплате услуг водоснабжения, водоотведения","Оплата за водоотведение по тарифам, ул. Воронежская, 154",3056.37,2020-12-31,31.0,12.0,2020.0
2020,Столовая Отделения по Хабаровскому краю Дальневосточного ГУ Банка России,Отделение по Хабаровскому краю Дальневосточного главного управления Центрального банка Российской Федерации,134.1100.030000,"Расходы по оплате услуг водоснабжения, водоотведения","Оплата за водоотведение по тарифам, ул. Муравьева-Амурского, 21",6166.08,2020-12-31,31.0,12.0,2020.0
2020,Столовая Отделения по Хабаровскому краю Дальневосточного ГУ Банка России,Отделение по Хабаровскому краю Дальневосточного главного управления Центрального банка Российской Федерации,134.1100.030000,"Расходы по оплате услуг водоснабжения, водоотведения","Оплата за водоотведение по тарифам, ул. Муравьева-Амурского, 42",2907.19,2020-12-31,31.0,12.0,2020.0
2020,Столовая Отделения по Хабаровскому краю Дальневосточного ГУ Банка России,Отделение по Хабаровскому краю Дальневосточного главного управления Центрального банка Российской Федерации,134.1100.030000,"Расходы по оплате услуг водоснабжения, водоотведения","Оплата за горячее  водоснабжение по тарифам, ул. Воронежская, 154",275.67,2020-12-31,31.0,12.0,2020.0
2020,Столовая Отделения по Хабаровскому краю Дальневосточного ГУ Банка России,Отделение по Хабаровскому краю Дальневосточного главного управления Центрального банка Российской Федерации,134.1100.030000,"Расходы по оплате услуг водоснабжения, водоотведения","Оплата за горячее  водоснабжение по тарифам, ул. Муравьева-Амурского, 42",2477.25,2020-12-31,31.0,12.0,2020.0
2020,Столовая Отделения по Хабаровскому краю Дальневосточного ГУ Банка России,Отделение по Хабаровскому краю Дальневосточного главного управления Центрального банка Российской Федерации,134.1100.030000,"Расходы по оплате услуг водоснабжения, водоотведения","Оплата за холодное водоснабжение по тарифам, ул. Воронежская, 154",2602.86,2020-12-31,31.0,12.0,2020.0
2020,Столовая Отделения по Хабаровскому краю Дальневосточного ГУ Банка России,Отделение по Хабаровскому краю Дальневосточного главного управления Центрального банка Российской Федерации,134.1100.030000,"Расходы по оплате услуг водоснабжения, водоотведения","Оплата за холодное водоснабжение по тарифам, ул. Муравьева-Амурского, 21",7652.05,2020-12-31,31.0,12.0,2020.0
2020,Столовая Отделения по Хабаровскому краю Дальневосточного ГУ Банка России,Отделение по Хабаровскому краю Дальневосточного главного управления Центрального банка Российской Федерации,134.1100.030000,"Расходы по оплате услуг водоснабжения, водоотведения","Оплата за холодное водоснабжение по тарифам, ул. Муравьева-Амурского, 42",1435.88,2020-12-31,31.0,12.0,2020.0
