Направление расходов,Наименование вида расходов,Год проведения,Месяц проведения,Конечный остаток
"Б.Хмельницкого,52/2",ВО,2021,1,2.67
"Б.Хмельницкого,52/2",ВО,2021,3,6.140000000000001
"Б.Хмельницкого,52/2",ВО,2021,4,4.0
"Б.Хмельницкого,52/2",ВО,2021,5,4.0
"Б.Хмельницкого,52/2",ВО,2021,6,4.0
"Б.Хмельницкого,52/2",ВО,2021,7,4.99
"Б.Хмельницкого,52/2",ВО,2021,8,8.32
"Б.Хмельницкого,52/2",ВО,2021,9,6.24
"Б.Хмельницкого,52/2",ВО,2021,10,5.82
"Б.Хмельницкого,52/2",ВО,2021,11,5.41
"Б.Хмельницкого,52/2",ВО,2021,12,4.99
"Б.Хмельницкого,52/2",ТЭ,2021,3,556.34
"Б.Хмельницкого,52/2",ТЭ,2021,4,927.23
"Б.Хмельницкого,52/2",ТЭ,2021,5,185.44
"Б.Хмельницкого,52/2",ТЭ,2021,11,198.43
"Б.Хмельницкого,52/2",ТЭ,2021,12,339.36
"Б.Хмельницкого,52/2",ТЭ,2022,1,500.7
"Б.Хмельницкого,52/2",ХВС,2021,1,2.95
"Б.Хмельницкого,52/2",ХВС,2021,3,6.79
"Б.Хмельницкого,52/2",ХВС,2021,4,2.95
"Б.Хмельницкого,52/2",ХВС,2021,5,2.95
"Б.Хмельницкого,52/2",ХВС,2021,6,2.95
"Б.Хмельницкого,52/2",ХВС,2021,7,3.67
"Б.Хмельницкого,52/2",ХВС,2021,8,6.12
"Б.Хмельницкого,52/2",ХВС,2021,9,4.59
"Б.Хмельницкого,52/2",ХВС,2021,10,4.29
"Б.Хмельницкого,52/2",ХВС,2021,11,3.98
"Б.Хмельницкого,52/2",ХВС,2021,12,3.67
"Б.Хмельницкого,52/2",ЭЭ,2021,1,98295.69
"Б.Хмельницкого,52/2",ЭЭ,2021,2,105757.21
"Б.Хмельницкого,52/2",ЭЭ,2021,3,99129.0
"Б.Хмельницкого,52/2",ЭЭ,2021,4,91685.38
"Б.Хмельницкого,52/2",ЭЭ,2021,5,93734.23
"Б.Хмельницкого,52/2",ЭЭ,2021,6,74614.01
"Б.Хмельницкого,52/2",ЭЭ,2021,7,75348.65
"Б.Хмельницкого,52/2",ЭЭ,2021,8,87194.81
"Б.Хмельницкого,52/2",ЭЭ,2021,9,99033.09
"Б.Хмельницкого,52/2",ЭЭ,2021,10,80070.23000000001
"Б.Хмельницкого,52/2",ЭЭ,2021,11,81107.66
"Б.Хмельницкого,52/2",ЭЭ,2021,12,98912.05
"Верхнепортовая,44",ВО,2021,1,668.58
"Верхнепортовая,44",ВО,2021,2,534.5600000000001
"Верхнепортовая,44",ВО,2021,3,623.76
"Верхнепортовая,44",ВО,2021,4,594.6899999999999
"Верхнепортовая,44",ВО,2021,5,787.5200000000001
"Верхнепортовая,44",ВО,2021,6,519.9200000000001
"Верхнепортовая,44",ВО,2021,7,654.13
"Верхнепортовая,44",ВО,2021,8,461.31
"Верхнепортовая,44",ВО,2021,9,709.87
"Верхнепортовая,44",ВО,2021,10,790.53
"Верхнепортовая,44",ВО,2021,11,484.0
"Верхнепортовая,44",ВО,2021,12,857.3399999999999
"Верхнепортовая,44",ВО,2022,1,758.27
"Верхнепортовая,44",ГВС,2021,1,70.07
"Верхнепортовая,44",ГВС,2021,2,70.07
"Верхнепортовая,44",ГВС,2021,3,70.07
"Верхнепортовая,44",ГВС,2021,4,70.07
"Верхнепортовая,44",ГВС,2021,5,70.07
"Верхнепортовая,44",ГВС,2021,6,70.07
"Верхнепортовая,44",ТЭ,2021,1,15980.86
"Верхнепортовая,44",ТЭ,2021,2,17589.27
"Верхнепортовая,44",ТЭ,2021,3,15116.97
"Верхнепортовая,44",ТЭ,2021,4,13172.72
"Верхнепортовая,44",ТЭ,2021,5,12029.65
"Верхнепортовая,44",ТЭ,2021,6,2656.39
"Верхнепортовая,44",ТЭ,2021,7,4754.4
"Верхнепортовая,44",ТЭ,2021,8,4939.82
"Верхнепортовая,44",ТЭ,2021,9,2230.27
"Верхнепортовая,44",ТЭ,2021,10,4939.82
"Верхнепортовая,44",ТЭ,2021,11,4603.48
"Верхнепортовая,44",ТЭ,2021,12,12534.53
"Верхнепортовая,44",ТЭ,2022,1,16604.09
"Верхнепортовая,44",ХВС,2021,1,1222.99
"Верхнепортовая,44",ХВС,2021,2,975.57
"Верхнепортовая,44",ХВС,2021,3,1140.52
"Верхнепортовая,44",ХВС,2021,4,1085.54
"Верхнепортовая,44",ХВС,2021,5,1442.9299999999998
"Верхнепортовая,44",ХВС,2021,6,948.08
"Верхнепортовая,44",ХВС,2021,7,1209.63
"Верхнепортовая,44",ХВС,2021,8,814.33
"Верхнепортовая,44",ХВС,2021,9,1241.17
"Верхнепортовая,44",ХВС,2021,10,1382.21
"Верхнепортовая,44",ХВС,2021,11,846.25
"Верхнепортовая,44",ХВС,2021,12,1496.5500000000002
"Верхнепортовая,44",ХВС,2022,1,1325.79
"Верхнепортовая,44",ЭЭ,2021,1,2263.2599999999998
"Верхнепортовая,44",ЭЭ,2021,2,2183.7599999999998
"Верхнепортовая,44",ЭЭ,2021,3,1717.3600000000001
"Верхнепортовая,44",ЭЭ,2021,4,2348.06
"Верхнепортовая,44",ЭЭ,2021,5,1900.21
"Верхнепортовая,44",ЭЭ,2021,6,1945.26
"Верхнепортовая,44",ЭЭ,2021,7,3916.7
"Верхнепортовая,44",ЭЭ,2021,8,2084.5
"Верхнепортовая,44",ЭЭ,2021,9,4521.0
"Верхнепортовая,44",ЭЭ,2021,10,2345.75
"Верхнепортовая,44",ЭЭ,2021,11,2249.5
"Верхнепортовая,44",ЭЭ,2021,12,3936.9
Вилюйск,134.1000.04 Якутия Оплата потребления газа г. Вилюйск,2021,4,50498.850000000006
Вилюйск,134.1000.04 Якутия Оплата потребления газа г. Вилюйск,2021,5,11842.83
Вилюйск,134.1000.04 Якутия Оплата потребления газа г. Вилюйск,2021,6,-18270.48
Вилюйск,ЭЭ,2021,3,20937.4
Вилюйск,ЭЭ,2021,4,24795.01
Вилюйск,ЭЭ,2021,5,10350.39
Вилюйск,ЭЭ,2021,6,-16544.25
"Воронежская,154",ВО,2021,1,4505.19
"Воронежская,154",ВО,2021,2,4921.34
"Воронежская,154",ВО,2021,3,5388.01
"Воронежская,154",ВО,2021,4,3592.66
"Воронежская,154",ВО,2021,5,8028.84
"Воронежская,154",ВО,2021,6,5307.87
"Воронежская,154",ВО,2021,7,7660.81
"Воронежская,154",ВО,2021,8,11576.29
"Воронежская,154",ВО,2021,9,12958.22
"Воронежская,154",ВО,2021,10,6095.15
"Воронежская,154",ВО,2021,11,6162.23
"Воронежская,154",ВО,2021,12,5397.7300000000005
"Воронежская,154",ВО,2022,1,5727.55
"Воронежская,154",ГВС,2021,6,424.99
"Воронежская,154",ГВС,2021,7,179.54
"Воронежская,154",ГВС,2021,8,680.3
"Воронежская,154",ГВС,2021,9,569.2
"Воронежская,154",ГВС,2021,10,388.46999999999997
"Воронежская,154",ГВС,2021,11,37360.63
"Воронежская,154",ТЭ,2021,1,1281795.66
"Воронежская,154",ТЭ,2021,2,1300186.8
"Воронежская,154",ТЭ,2021,3,1047752.6499999999
"Воронежская,154",ТЭ,2021,4,738591.8400000001
"Воронежская,154",ТЭ,2021,5,480295.68
"Воронежская,154",ТЭ,2021,6,190792.97
"Воронежская,154",ТЭ,2021,7,66151.26
"Воронежская,154",ТЭ,2021,8,120273.67
"Воронежская,154",ТЭ,2021,9,114131.45
"Воронежская,154",ТЭ,2021,10,95710.54000000001
"Воронежская,154",ТЭ,2021,11,527742.23
"Воронежская,154",ТЭ,2021,12,846514.72
"Воронежская,154",ТЭ,2022,1,1382199.28
"Воронежская,154",ХВС,2021,1,3710.97
"Воронежская,154",ХВС,2021,2,4231.57
"Воронежская,154",ХВС,2021,3,4815.39
"Воронежская,154",ХВС,2021,4,2610.93
"Воронежская,154",ХВС,2021,5,8160.71
"Воронежская,154",ХВС,2021,6,4752.570000000001
"Воронежская,154",ХВС,2021,7,7252.94
"Воронежская,154",ХВС,2021,8,12824.35
"Воронежская,154",ХВС,2021,9,14104.32
"Воронежская,154",ХВС,2021,10,5382.8
"Воронежская,154",ХВС,2021,11,5425.26
"Воронежская,154",ХВС,2021,12,5068.75
"Воронежская,154",ХВС,2022,1,5432.11
"Воронежская,154",ЭЭ,2021,1,529141.99
"Воронежская,154",ЭЭ,2021,2,521128.70999999996
"Воронежская,154",ЭЭ,2021,3,539649.06
"Воронежская,154",ЭЭ,2021,4,559886.14
"Воронежская,154",ЭЭ,2021,5,471290.96
"Воронежская,154",ЭЭ,2021,6,403693.91
"Воронежская,154",ЭЭ,2021,7,439946.76
"Воронежская,154",ЭЭ,2021,8,543071.94
"Воронежская,154",ЭЭ,2021,9,445448.52
"Воронежская,154",ЭЭ,2021,10,372365.21
"Воронежская,154",ЭЭ,2021,11,412426.41
"Воронежская,154",ЭЭ,2021,12,472714.23
"Воронежская,154",ЭЭ,2022,1,481489.2
"Дежнева,7",ТЭ,2021,1,603407.87
"Дежнева,7",ТЭ,2021,2,719121.07
"Дежнева,7",ТЭ,2021,3,119826.0
"Дежнева,7",ТЭ,2021,4,707337.18
"Дежнева,7",ТЭ,2021,5,93492.14
"Дежнева,7",ТЭ,2021,6,124387.72
"Дежнева,7",ТЭ,2021,7,74486.08
"Дежнева,7",ТЭ,2021,8,0.0
"Дежнева,7",ТЭ,2021,10,29329.28
"Дежнева,7",ТЭ,2021,11,106420.40000000001
"Дежнева,7",ТЭ,2021,12,259593.22
"Дежнева,7",ТЭ,2022,1,323094.02
"Дежнева,7",ЭЭ,2021,1,453631.5
"Дежнева,7",ЭЭ,2021,2,423889.2
"Дежнева,7",ЭЭ,2021,3,417154.5
"Дежнева,7",ЭЭ,2021,4,389862.9
"Дежнева,7",ЭЭ,2021,5,410432.4
"Дежнева,7",ЭЭ,2021,6,329823.89999999997
"Дежнева,7",ЭЭ,2021,7,362798.10000000003
"Дежнева,7",ЭЭ,2021,8,377837.1
"Дежнева,7",ЭЭ,2021,9,358841.39999999997
"Дежнева,7",ЭЭ,2021,10,358282.5
"Дежнева,7",ЭЭ,2021,11,366027.38
"Дежнева,7",ЭЭ,2021,12,357647.7
"Дежнева,7",ЭЭ,2022,1,522530.10000000003
Дежнева7,ВО,2021,1,1515.79
Дежнева7,ВО,2021,2,1548.74
Дежнева7,ВО,2021,3,2207.79
Дежнева7,ВО,2021,4,1680.56
Дежнева7,ВО,2021,5,2316.53
Дежнева7,ВО,2021,6,1755.25
Дежнева7,ВО,2021,7,2800.92
Дежнева7,ВО,2021,8,2069.28
Дежнева7,ВО,2021,9,2414.16
Дежнева7,ВО,2021,10,1517.47
Дежнева7,ВО,2021,11,1534.8799999999999
Дежнева7,ВО,2021,12,1724.4
Дежнева7,ВО,2022,1,1689.91
Дежнева7,ГВС,2021,1,3805.34
Дежнева7,ГВС,2021,2,4439.57
Дежнева7,ГВС,2021,3,5708.02
Дежнева7,ГВС,2021,4,634.23
Дежнева7,ГВС,2021,5,2092.94
Дежнева7,ГВС,2021,6,3340.45
Дежнева7,ГВС,2021,7,6342.24
Дежнева7,ГВС,2021,8,4957.68
Дежнева7,ГВС,2021,9,4957.68
Дежнева7,ГВС,2021,10,2832.96
Дежнева7,ГВС,2021,11,5665.92
Дежнева7,ГВС,2021,12,6374.16
Дежнева7,ГВС,2022,1,7082.4
Дежнева7,ХВС,2021,1,5741.76
Дежнева7,ХВС,2021,2,5741.76
Дежнева7,ХВС,2021,3,8325.55
Дежнева7,ХВС,2021,4,7177.2
Дежнева7,ХВС,2021,5,9617.45
Дежнева7,ХВС,2021,6,6890.11
Дежнева7,ХВС,2021,7,10765.8
Дежнева7,ХВС,2021,8,8748.81
Дежнева7,ХВС,2021,9,10399.54
Дежнева7,ХВС,2021,10,6602.88
Дежнева7,ХВС,2021,11,6042.34
Дежнева7,ХВС,2021,12,6602.88
Дежнева7,ХВС,2022,1,6437.81
"Зея,пер.Жуковский,15",ТЭ,2021,2,74480.83
"Зея,пер.Жуковский,15",ТЭ,2021,3,70849.9
"Зея,пер.Жуковский,15",ТЭ,2021,4,46550.52
"Зея,пер.Жуковский,15",ТЭ,2021,5,27930.31
"Зея,пер.Жуковский,15",ТЭ,2021,6,9310.1
"Зея,пер.Жуковский,15",ТЭ,2021,10,14257.69
"Зеяпер.Жуковский,15",ЭЭ,2021,1,158.87
"Зеяпер.Жуковский,15",ЭЭ,2021,2,155.18
"Зеяпер.Жуковский,15",ЭЭ,2021,3,128.87
"Зеяпер.Жуковский,15",ЭЭ,2021,4,127.68
"Зеяпер.Жуковский,15",ЭЭ,2021,5,128.51
"Зеяпер.Жуковский,15",ЭЭ,2021,6,106.99
"Зеяпер.Жуковский,15",ЭЭ,2021,7,90.5
"Зеяпер.Жуковский,15",ЭЭ,2021,8,83.33
"Зеяпер.Жуковский,15",ЭЭ,2021,9,91.06
"Зеяпер.Жуковский,15",ЭЭ,2021,10,181.37
"Калинина,156",ВО,2021,5,709.44
"Калинина,156",ВО,2021,7,210.53
"Калинина,156",ВО,2021,9,35.2
"Калинина,156",ГВС,2021,2,77.84
"Калинина,156",ГВС,2021,3,198.07
"Калинина,156",ГВС,2021,4,573.83
"Калинина,156",ГВС,2021,5,385.25
"Калинина,156",ГВС,2021,6,2206.33
"Калинина,156",ГВС,2021,7,-2136.75
"Калинина,156",ТЭ,2021,2,87375.52
"Калинина,156",ТЭ,2021,3,67170.73
"Калинина,156",ТЭ,2021,4,52220.3
"Калинина,156",ТЭ,2021,5,44009.06
"Калинина,156",ТЭ,2021,6,21028.49
"Калинина,156",ТЭ,2021,7,-1036.0900000000006
"Калинина,156",ТЭ,2021,8,3719.08
"Калинина,156",ХВС,2021,5,887.54
"Калинина,156",ХВС,2021,7,263.38
"Калинина,156",ХВС,2021,9,45.65
"Калинина,156",ЭЭ,2021,2,35619.81
"Калинина,156",ЭЭ,2021,3,38264.85
"Калинина,156",ЭЭ,2021,4,38671.28
"Калинина,156",ЭЭ,2021,5,28110.05
"Калинина,156",ЭЭ,2021,6,23525.89
"Калинина,156",ЭЭ,2021,7,22723.71
"Калинина,156",ЭЭ,2021,8,19190.05
"Калинина,156",ЭЭ,2021,9,22561.76
"Калинина,156",ЭЭ,2021,10,22276.14
"Калинина,156",ЭЭ,2021,11,18106.38
"Калинина,261",ВО,2021,1,883.47
"Калинина,261",ВО,2021,2,588.99
"Калинина,261",ВО,2021,3,1017.34
"Калинина,261",ВО,2021,4,990.5699999999999
"Калинина,261",ВО,2021,5,713.76
"Калинина,261",ВО,2021,6,-446.8800000000001
"Калинина,261",ВО,2021,7,874.36
"Калинина,261",ВО,2021,8,687.09
"Калинина,261",ВО,2021,9,774.24
"Калинина,261",ВО,2021,10,1006.51
"Калинина,261",ВО,2021,11,425.83
"Калинина,261",ВО,2021,12,503.26
"Калинина,261",ВО,2022,1,580.68
"Калинина,261",НВВО,2021,5,357.12
"Калинина,261",НВВО,2021,6,1517.7600000000002
"Калинина,261",НВВО,2021,7,437.47
"Калинина,261",НВВО,2021,8,348.62
"Калинина,261",НВВО,2021,9,387.36
"Калинина,261",НВВО,2021,10,503.57
"Калинина,261",НВВО,2021,11,213.05
"Калинина,261",НВВО,2021,12,251.78
"Калинина,261",НВВО,2022,1,290.52
"Калинина,261",ТЭ,2021,1,54244.82
"Калинина,261",ТЭ,2021,2,63387.84
"Калинина,261",ТЭ,2021,3,56283.86
"Калинина,261",ТЭ,2021,4,42067.08
"Калинина,261",ТЭ,2021,5,29811.53
"Калинина,261",ТЭ,2021,6,6239.39
"Калинина,261",ТЭ,2021,12,34586.31
"Калинина,261",ТЭ,2022,1,48818.14
"Калинина,261",ХВС,2021,1,1088.6
"Калинина,261",ХВС,2021,2,725.74
"Калинина,261",ХВС,2021,3,1253.54
"Калинина,261",ХВС,2021,4,1220.56
"Калинина,261",ХВС,2021,5,1319.52
"Калинина,261",ХВС,2021,6,1286.53
"Калинина,261",ХВС,2021,7,1616.41
"Калинина,261",ХВС,2021,8,1048.16
"Калинина,261",ХВС,2021,9,1354.08
"Калинина,261",ХВС,2021,10,1760.3
"Калинина,261",ХВС,2021,11,741.35
"Калинина,261",ХВС,2021,12,880.15
"Калинина,261",ХВС,2022,1,1015.56
"Калинина,261",ЭЭ,2021,1,38301.39
"Калинина,261",ЭЭ,2021,2,32128.29
"Калинина,261",ЭЭ,2021,3,32681.61
"Калинина,261",ЭЭ,2021,4,40016.64
"Калинина,261",ЭЭ,2021,5,39335.43
"Калинина,261",ЭЭ,2021,6,35694.6
"Калинина,261",ЭЭ,2021,7,30846.28
"Калинина,261",ЭЭ,2021,8,39136.63
"Калинина,261",ЭЭ,2021,9,43669.0
"Калинина,261",ЭЭ,2021,10,39943.23
"Калинина,261",ЭЭ,2021,11,47820.82
"Калинина,261",ЭЭ,2021,12,41592.21
"Калинина,95",ТЭ,2021,1,78366.32
"Калинина,95",ТЭ,2021,2,99983.79
"Калинина,95",ТЭ,2021,3,86540.01
"Калинина,95",ТЭ,2021,4,19620.610000000004
"Калинина,95",ТЭ,2021,5,42511.96
"Калинина,95",ТЭ,2021,6,13920.21
"Калинина,95",ТЭ,2021,11,13118.81
"Калинина,95",ТЭ,2021,12,53927.79
"Калинина,95",ТЭ,2022,1,78483.3
"Калинина,95",ЭЭ,2021,1,406.42
"Калинина,95",ЭЭ,2021,2,3814.49
"Калинина,95",ЭЭ,2021,3,1022.39
"Калинина,95",ЭЭ,2021,4,483.28
"Калинина,95",ЭЭ,2021,5,2110.6
"Калинина,95",ЭЭ,2021,6,1608.11
"Калинина,95",ЭЭ,2021,7,1693.46
"Калинина,95",ЭЭ,2021,8,2451.29
"Калинина,95",ЭЭ,2021,9,958.0
"Калинина,95",ЭЭ,2021,10,1242.05
"Калинина,95",ЭЭ,2021,11,1546.61
"Калинина,95",ЭЭ,2021,12,1983.8
"Калинина,95",ЭЭ,2022,1,2192.81
"КарлаМаркса,,д.16",ТЭ,2021,2,1946.87
"КарлаМаркса,,д.16",ТЭ,2021,3,1749.18
"КарлаМаркса,,д.16",ТЭ,2021,4,1303.78
"КарлаМаркса,,д.16",ТЭ,2021,5,973.96
"КарлаМаркса,,д.16",ТЭ,2021,6,799.54
"КарлаМаркса,,д.16",ТЭ,2021,7,271.24
"КарлаМаркса,,д.16",ТЭ,2021,11,303.96
"КарлаМаркса,,д.16",ТЭ,2021,12,2694.6000000000004
"КарлаМаркса,,д.16",ЭЭ,2021,2,18828.0
"КарлаМаркса,,д.16",ЭЭ,2021,3,18090.0
"КарлаМаркса,,д.16",ЭЭ,2021,4,37530.0
"КарлаМаркса,,д.16",ЭЭ,2021,6,20832.0
"КарлаМаркса,,д.16",ЭЭ,2021,7,21054.0
"КарлаМаркса,,д.16",ЭЭ,2021,8,22900.97
"КарлаМаркса,,д.16",ЭЭ,2021,9,27573.17
"КарлаМаркса,,д.16",ЭЭ,2021,10,23842.6
"КарлаМаркса,,д.16",ЭЭ,2021,11,23145.36
"КарлаМаркса,,д.16",ЭЭ,2021,12,42703.91
"Кирова,17",ВО,2021,1,11783.88
"Кирова,17",ВО,2021,2,10597.01
"Кирова,17",ВО,2021,3,9664.48
"Кирова,17",ВО,2021,4,19944.83
"Кирова,17",ВО,2021,6,4924.49
"Кирова,17",ВО,2021,7,15750.07
"Кирова,17",ВО,2021,8,11265.66
"Кирова,17",ВО,2021,9,9339.36
"Кирова,17",ВО,2021,10,12141.27
"Кирова,17",ВО,2021,11,8668.42
"Кирова,17",ВО,2021,12,16779.980000000003
"Кирова,17",ВО,2022,1,-514.49
"Кирова,17",ЭЭ,2021,1,476643.11
"Кирова,17",ЭЭ,2021,2,458912.69
"Кирова,17",ЭЭ,2021,3,419676.88
"Кирова,17",ЭЭ,2021,4,401313.46
"Кирова,17",ЭЭ,2021,5,368233.81
"Кирова,17",ЭЭ,2021,6,343184.85000000003
"Кирова,17",ЭЭ,2021,7,334654.02
"Кирова,17",ЭЭ,2021,8,383638.3
"Кирова,17",ЭЭ,2021,9,423448.35
"Кирова,17",ЭЭ,2021,10,414024.7
"Кирова,17",ЭЭ,2021,11,415929.69
"Кирова,17",ЭЭ,2021,12,411371.37
"Кирова,17",ЭЭ,2022,1,469920.72000000003
Кирова17,НВВО,2021,6,8073.1
Колхозная32Б,ТЭ,2021,1,83959.4
Колхозная32Б,ТЭ,2021,2,125272.34
Колхозная32Б,ТЭ,2021,3,128302.49
Колхозная32Б,ТЭ,2021,4,111626.8
Колхозная32Б,ТЭ,2021,5,102470.34
Колхозная32Б,ТЭ,2021,6,60180.37
Колхозная32Б,ТЭ,2021,7,27033.63
Колхозная32Б,ТЭ,2021,10,14947.78
Колхозная32Б,ТЭ,2021,11,63232.2
Колхозная32Б,ТЭ,2021,12,95160.47
Колхозная32Б,ТЭ,2022,1,116409.67
Колхозная32Б,ЭЭ,2021,1,1959.3
Колхозная32Б,ЭЭ,2021,2,2406.6
Колхозная32Б,ЭЭ,2021,3,2898.0
Колхозная32Б,ЭЭ,2021,4,2192.4
Колхозная32Б,ЭЭ,2021,5,2627.1
Колхозная32Б,ЭЭ,2021,6,1833.3
Колхозная32Б,ЭЭ,2021,7,1260.0
Колхозная32Б,ЭЭ,2021,8,1055.7
Колхозная32Б,ЭЭ,2021,9,1283.4
Колхозная32Б,ЭЭ,2021,10,1587.0
Колхозная32Б,ЭЭ,2021,11,2911.8
Колхозная32Б,ЭЭ,2021,12,3015.3
Колхозная32Б,ЭЭ,2022,1,3187.8
"КраснаяПресня,22",ВО,2021,1,569.38
"КраснаяПресня,22",ВО,2021,2,569.38
"КраснаяПресня,22",ВО,2021,3,569.38
"КраснаяПресня,22",ВО,2021,4,569.38
"КраснаяПресня,22",ВО,2021,5,569.38
"КраснаяПресня,22",ВО,2021,6,569.38
"КраснаяПресня,22",ВО,2021,7,569.38
"КраснаяПресня,22",ВО,2021,8,679.75
"КраснаяПресня,22",ВО,2021,9,679.75
"КраснаяПресня,22",ВО,2021,10,679.75
"КраснаяПресня,22",ВО,2021,11,679.75
"КраснаяПресня,22",ВО,2021,12,679.75
"КраснаяПресня,22",ВО,2022,1,679.75
"КраснаяПресня,22",ГВС,2021,1,871.49
"КраснаяПресня,22",ГВС,2021,2,712.94
"КраснаяПресня,22",ГВС,2021,3,712.94
"КраснаяПресня,22",ГВС,2021,4,712.94
"КраснаяПресня,22",ГВС,2021,5,712.94
"КраснаяПресня,22",ГВС,2021,6,712.94
"КраснаяПресня,22",ГВС,2021,7,712.94
"КраснаяПресня,22",ГВС,2021,8,748.33
"КраснаяПресня,22",ГВС,2021,9,748.3299999999999
"КраснаяПресня,22",ГВС,2021,10,748.33
"КраснаяПресня,22",ГВС,2021,11,748.33
"КраснаяПресня,22",ГВС,2021,12,748.33
"КраснаяПресня,22",ГВС,2022,1,748.33
"КраснаяПресня,22",ТЭ,2021,1,246717.81
"КраснаяПресня,22",ТЭ,2021,2,254396.68
"КраснаяПресня,22",ТЭ,2021,3,210210.86
"КраснаяПресня,22",ТЭ,2021,4,175056.98
"КраснаяПресня,22",ТЭ,2021,5,107986.8
"КраснаяПресня,22",ТЭ,2021,6,54490.39
"КраснаяПресня,22",ТЭ,2021,10,25790.07
"КраснаяПресня,22",ТЭ,2021,11,127876.28
"КраснаяПресня,22",ТЭ,2021,12,206253.04
"КраснаяПресня,22",ТЭ,2022,1,260070.82
"КраснаяПресня,22",ХВС,2021,1,342.18
"КраснаяПресня,22",ХВС,2021,2,342.18
"КраснаяПресня,22",ХВС,2021,3,342.18
"КраснаяПресня,22",ХВС,2021,4,342.18
"КраснаяПресня,22",ХВС,2021,5,342.18
"КраснаяПресня,22",ХВС,2021,6,342.18
"КраснаяПресня,22",ХВС,2021,7,342.18
"КраснаяПресня,22",ХВС,2021,8,345.24
"КраснаяПресня,22",ХВС,2021,9,345.24
"КраснаяПресня,22",ХВС,2021,10,345.24
"КраснаяПресня,22",ХВС,2021,11,345.24
"КраснаяПресня,22",ХВС,2021,12,345.24
"КраснаяПресня,22",ХВС,2022,1,345.24
"КраснаяПресня,22",ЭЭ,2021,1,87810.72
"КраснаяПресня,22",ЭЭ,2021,2,83238.14
"КраснаяПресня,22",ЭЭ,2021,3,81613.1
"КраснаяПресня,22",ЭЭ,2021,4,85691.08
"КраснаяПресня,22",ЭЭ,2021,5,85958.66
"КраснаяПресня,22",ЭЭ,2021,6,89589.32
"КраснаяПресня,22",ЭЭ,2021,7,65937.98
"КраснаяПресня,22",ЭЭ,2021,8,69230.76
"КраснаяПресня,22",ЭЭ,2021,9,70241.77
"КраснаяПресня,22",ЭЭ,2021,10,71432.23
"КраснаяПресня,22",ЭЭ,2021,11,81697.99
"КраснаяПресня,22",ЭЭ,2021,12,92885.1
"Ленина,22",ЭЭ,2021,1,151.18
"Ленина,22",ЭЭ,2021,4,-151.18
"Ленина,3",ТЭ,2021,12,74823.98
"Ленина,3",ТЭ,2022,1,78994.31
"Ленина,64",ТЭ,2021,1,82297.14
"Ленина,64",ТЭ,2021,2,91252.85
"Ленина,64",ТЭ,2021,3,81396.26
"Ленина,64",ТЭ,2021,4,54476.15
"Ленина,64",ТЭ,2021,5,31429.76
"Ленина,64",ТЭ,2021,6,4610.34
"Ленина,64",ТЭ,2021,12,44350.02
"Ленина,64",ЭЭ,2021,1,701.24
"Ленина,64",ЭЭ,2021,2,648.28
"Ленина,64",ЭЭ,2021,3,379.06
"Ленина,64",ЭЭ,2021,4,407.77
"Ленина,64",ЭЭ,2021,5,283.97
"Ленина,64",ЭЭ,2021,6,153.9
"Ленина,64",ЭЭ,2021,7,332.6
"Ленина,64",ЭЭ,2021,9,532.1800000000001
"Ленина,64",ЭЭ,2021,10,344.06
"Ленина,64",ЭЭ,2021,11,608.36
"Ленина,64",ЭЭ,2021,12,623.51
"Ленинская,22",ВО,2021,1,467.78
"Ленинская,22",ВО,2021,2,765.46
"Ленинская,22",ВО,2021,3,708.76
"Ленинская,22",ВО,2021,4,722.94
"Ленинская,22",ВО,2021,5,796.29
"Ленинская,22",ВО,2021,6,642.62
"Ленинская,22",ВО,2021,7,1271.27
"Ленинская,22",ВО,2021,8,1787.65
"Ленинская,22",ВО,2021,9,1131.63
"Ленинская,22",ВО,2021,10,754.42
"Ленинская,22",ВО,2021,11,606.82
"Ленинская,22",ВО,2021,12,623.22
"Ленинская,22",ВО,2022,1,902.03
"Ленинская,22",ТЭ,2021,1,99718.69
"Ленинская,22",ТЭ,2021,2,124202.86
"Ленинская,22",ТЭ,2021,3,119766.46
"Ленинская,22",ТЭ,2021,4,92263.08
"Ленинская,22",ТЭ,2021,5,92554.53
"Ленинская,22",ТЭ,2021,6,77828.22
"Ленинская,22",ТЭ,2021,7,41151.07
"Ленинская,22",ТЭ,2021,10,2097.52
"Ленинская,22",ТЭ,2021,11,23578.19
"Ленинская,22",ТЭ,2021,12,55155.65
"Ленинская,22",ТЭ,2022,1,112314.45
"Ленинская,22",ХВС,2021,1,727.8
"Ленинская,22",ХВС,2021,2,1190.94
"Ленинская,22",ХВС,2021,3,1102.72
"Ленинская,22",ХВС,2021,4,1124.78
"Ленинская,22",ХВС,2021,5,1238.91
"Ленинская,22",ХВС,2021,6,999.82
"Ленинская,22",ХВС,2021,7,1977.9
"Ленинская,22",ХВС,2021,8,2717.76
"Ленинская,22",ХВС,2021,9,1720.42
"Ленинская,22",ХВС,2021,10,1146.95
"Ленинская,22",ХВС,2021,11,922.55
"Ленинская,22",ХВС,2021,12,947.48
"Ленинская,22",ХВС,2022,1,1371.35
"Ленинская,22",ЭЭ,2021,1,344066.85
"Ленинская,22",ЭЭ,2021,2,236582.04
"Ленинская,22",ЭЭ,2021,3,216937.44
"Ленинская,22",ЭЭ,2021,4,240654.24
"Ленинская,22",ЭЭ,2021,5,278730.72
"Ленинская,22",ЭЭ,2021,6,257754.96
"Ленинская,22",ЭЭ,2021,7,290459.81
"Ленинская,22",ЭЭ,2021,8,246190.0
"Ленинская,22",ЭЭ,2021,9,366028.73
"Ленинская,22",ЭЭ,2021,10,273719.93
"Ленинская,22",ЭЭ,2021,11,242507.24
"Ленинская,22",ЭЭ,2021,12,228722.67
"Ленинская,22",ЭЭ,2022,1,258519.61
"Ленинская,33",ВО,2021,2,504.67
"Ленинская,33",ВО,2021,3,58.24
"Ленинская,33",ВО,2021,4,146.57
"Ленинская,33",ВО,2021,5,162.82
"Ленинская,33",ВО,2021,6,1133.1
"Ленинская,33",ВО,2021,7,566.27
"Ленинская,33",ВО,2021,8,841.98
"Ленинская,33",ВО,2021,9,1069.64
"Ленинская,33",ВО,2021,10,376.34
"Ленинская,33",ВО,2021,11,749.54
"Ленинская,33",ВО,2021,12,1544.72
"Ленинская,33",ГВС,2021,2,1111.8
"Ленинская,33",ГВС,2021,3,1322.9
"Ленинская,33",ГВС,2021,4,1182.17
"Ленинская,33",ГВС,2021,5,1182.17
"Ленинская,33",ГВС,2021,6,942.92
"Ленинская,33",ГВС,2021,10,472.87
"Ленинская,33",ГВС,2021,11,1063.96
"Ленинская,33",ГВС,2021,12,2659.88
"Ленинская,33",ДТ,2021,1,222.7
"Ленинская,33",ТЭ,2021,2,210468.36
"Ленинская,33",ТЭ,2021,3,176129.15
"Ленинская,33",ТЭ,2021,4,167783.6
"Ленинская,33",ТЭ,2021,5,113811.94
"Ленинская,33",ТЭ,2021,6,76517.32
"Ленинская,33",ТЭ,2021,10,33351.97
"Ленинская,33",ТЭ,2021,11,107784.35
"Ленинская,33",ТЭ,2021,12,373151.94
"Ленинская,33",ХВС,2021,2,308.42
"Ленинская,33",ХВС,2021,3,116.81
"Ленинская,33",ХВС,2021,4,157.39
"Ленинская,33",ХВС,2021,5,173.86
"Ленинская,33",ХВС,2021,6,615.16
"Ленинская,33",ХВС,2021,7,260.17
"Ленинская,33",ХВС,2021,8,409.55
"Ленинская,33",ХВС,2021,9,520.27
"Ленинская,33",ХВС,2021,10,239.08
"Ленинская,33",ХВС,2021,11,481.71
"Ленинская,33",ХВС,2021,12,965.26
"Ленинская,33",ЭЭ,2021,2,34862.4
"Ленинская,33",ЭЭ,2021,3,32400.0
"Ленинская,33",ЭЭ,2021,4,30844.8
"Ленинская,33",ЭЭ,2021,5,29419.2
"Ленинская,33",ЭЭ,2021,6,29289.6
"Ленинская,33",ЭЭ,2021,7,31752.0
"Ленинская,33",ЭЭ,2021,8,35820.72
"Ленинская,33",ЭЭ,2021,9,35820.72
"Ленинская,33",ЭЭ,2021,10,39443.04
"Ленинская,33",ЭЭ,2021,11,32466.72
"Ленинская,33",ЭЭ,2021,12,72983.04000000001
"М-Амурского,21",ВО,2022,1,8915.58
"М-Амурского,21",ХВС,2022,1,11563.2
"М-Амурского,21",ЭЭ,2022,1,32205.81
"М-Амурского,42",ВО,2022,1,7596.69
"М-Амурского,42",ХВС,2022,1,3279.34
"М.Амурского,21",ВО,2021,1,4136.09
"М.Амурского,21",ВО,2021,2,1231.13
"М.Амурского,21",ВО,2021,3,10654.26
"М.Амурского,21",ВО,2021,4,-1510.4999999999995
"М.Амурского,21",ВО,2021,5,8789.369999999999
"М.Амурского,21",ВО,2021,6,3349.29
"М.Амурского,21",ВО,2021,7,5923.660000000001
"М.Амурского,21",ВО,2021,8,6399.1900000000005
"М.Амурского,21",ВО,2021,9,4675.160000000002
"М.Амурского,21",ВО,2021,10,8440.0
"М.Амурского,21",ВО,2021,11,10514.380000000001
"М.Амурского,21",ВО,2021,12,7560.24
"М.Амурского,21",ГВС,2021,6,249.62
"М.Амурского,21",ТЭ,2021,1,322262.54000000004
"М.Амурского,21",ТЭ,2021,2,342941.97
"М.Амурского,21",ТЭ,2021,3,268620.14
"М.Амурского,21",ТЭ,2021,4,194778.5
"М.Амурского,21",ТЭ,2021,5,100179.87000000001
"М.Амурского,21",ТЭ,2021,6,20867.809999999998
"М.Амурского,21",ТЭ,2021,11,72443.33
"М.Амурского,21",ТЭ,2021,12,163384.25
"М.Амурского,21",ТЭ,2022,1,305080.93
"М.Амурского,21",ХВС,2021,1,5171.63
"М.Амурского,21",ХВС,2021,2,1540.18
"М.Амурского,21",ХВС,2021,3,8298.67
"М.Амурского,21",ХВС,2021,4,3140.41
"М.Амурского,21",ХВС,2021,5,10995.73
"М.Амурского,21",ХВС,2021,6,4190.04
"М.Амурского,21",ХВС,2021,7,7152.1900000000005
"М.Амурского,21",ХВС,2021,8,8291.15
"М.Амурского,21",ХВС,2021,9,6063.42
"М.Амурского,21",ХВС,2021,10,10946.390000000001
"М.Амурского,21",ХВС,2021,11,12288.9
"М.Амурского,21",ХВС,2021,12,9805.38
"М.Амурского,21",ЭЭ,2021,1,165264.44
"М.Амурского,21",ЭЭ,2021,2,217569.28
"М.Амурского,21",ЭЭ,2021,3,234431.49
"М.Амурского,21",ЭЭ,2021,4,222284.99
"М.Амурского,21",ЭЭ,2021,5,203199.94999999998
"М.Амурского,21",ЭЭ,2021,6,209403.03999999998
"М.Амурского,21",ЭЭ,2021,7,243709.38
"М.Амурского,21",ЭЭ,2021,8,277411.44
"М.Амурского,21",ЭЭ,2021,9,228190.38
"М.Амурского,21",ЭЭ,2021,10,232190.06999999998
"М.Амурского,21",ЭЭ,2021,11,247916.25
"М.Амурского,21",ЭЭ,2021,12,305863.97
"М.Амурского,21",ЭЭ,2022,1,146715.35
"М.Амурского,42",ВО,2021,1,7579.01
"М.Амурского,42",ВО,2021,2,7747.43
"М.Амурского,42",ВО,2021,3,7817.61
"М.Амурского,42",ВО,2021,4,7756.9800000000005
"М.Амурского,42",ВО,2021,5,8519.369999999999
"М.Амурского,42",ВО,2021,6,7508.83
"М.Амурского,42",ВО,2021,7,8326.38
"М.Амурского,42",ВО,2021,8,8259.9
"М.Амурского,42",ВО,2021,9,8453.83
"М.Амурского,42",ВО,2021,10,8585.67
"М.Амурского,42",ВО,2021,11,7095.51
"М.Амурского,42",ВО,2021,12,6699.08
"М.Амурского,42",ГВС,2021,1,7164.12
"М.Амурского,42",ГВС,2021,2,7164.12
"М.Амурского,42",ГВС,2021,3,6470.8
"М.Амурского,42",ГВС,2021,4,7164.12
"М.Амурского,42",ГВС,2021,5,6933.03
"М.Амурского,42",ГВС,2021,6,7294.78
"М.Амурского,42",ГВС,2021,7,6830.4800000000005
"М.Амурского,42",ГВС,2021,8,7203.29
"М.Амурского,42",ГВС,2021,9,7531.77
"М.Амурского,42",ГВС,2021,10,6407.31
"М.Амурского,42",ГВС,2021,11,7290.56
"М.Амурского,42",ГВС,2021,12,7182.29
"М.Амурского,42",ГВС,2022,1,7421.69
"М.Амурского,42",ТЭ,2021,1,623752.21
"М.Амурского,42",ТЭ,2021,2,702574.35
"М.Амурского,42",ТЭ,2021,3,550409.04
"М.Амурского,42",ТЭ,2021,4,424734.85
"М.Амурского,42",ТЭ,2021,5,262600.89
"М.Амурского,42",ТЭ,2021,6,69853.92
"М.Амурского,42",ТЭ,2021,7,27530.83
"М.Амурского,42",ТЭ,2021,8,27769.0
"М.Амурского,42",ТЭ,2021,9,27222.63
"М.Амурского,42",ТЭ,2021,10,23635.65
"М.Амурского,42",ТЭ,2021,11,224616.2
"М.Амурского,42",ТЭ,2021,12,422331.92
"М.Амурского,42",ТЭ,2022,1,665395.24
"М.Амурского,42",ХВС,2021,1,3160.51
"М.Амурского,42",ХВС,2021,2,3160.5099999999998
"М.Амурского,42",ХВС,2021,3,3248.3
"М.Амурского,42",ХВС,2021,4,3599.47
"М.Амурского,42",ХВС,2021,5,4126.22
"М.Амурского,42",ХВС,2021,6,3072.72
"М.Амурского,42",ХВС,2021,7,3160.5099999999998
"М.Амурского,42",ХВС,2021,8,3423.6
"М.Амурского,42",ХВС,2021,9,3560.54
"М.Амурского,42",ХВС,2021,10,3390.74
"М.Амурского,42",ХВС,2021,11,3286.66
"М.Амурского,42",ХВС,2021,12,2440.38
"М.Амурского,42",ЭЭ,2021,1,212026.81
"М.Амурского,42",ЭЭ,2021,2,238156.63999999998
"М.Амурского,42",ЭЭ,2021,3,254060.84
"М.Амурского,42",ЭЭ,2021,4,241042.15999999997
"М.Амурского,42",ЭЭ,2021,5,226557.61000000002
"М.Амурского,42",ЭЭ,2021,6,215664.55000000002
"М.Амурского,42",ЭЭ,2021,7,198848.53
"М.Амурского,42",ЭЭ,2021,8,267029.51
"М.Амурского,42",ЭЭ,2021,9,249048.54
"М.Амурского,42",ЭЭ,2021,10,221689.13
"М.Амурского,42",ЭЭ,2021,11,214228.09
"М.Амурского,42",ЭЭ,2021,12,318823.27
"М.Амурского,42",ЭЭ,2022,1,229175.67
"Магадан,п-кт.КарлаМаркса,,д.36/20,кв.29",ВО,2021,12,146.76
"Магадан,п-кт.КарлаМаркса,,д.36/20,кв.29",ГВС,2021,2,66.67
"Магадан,п-кт.КарлаМаркса,,д.36/20,кв.29",ГВС,2021,3,66.5
"Магадан,п-кт.КарлаМаркса,,д.36/20,кв.29",ГВС,2021,4,66.82
"Магадан,п-кт.КарлаМаркса,,д.36/20,кв.29",ГВС,2021,5,67.87
"Магадан,п-кт.КарлаМаркса,,д.36/20,кв.29",ГВС,2021,6,68.19
"Магадан,п-кт.КарлаМаркса,,д.36/20,кв.29",ГВС,2021,7,59.68
"Магадан,п-кт.КарлаМаркса,,д.36/20,кв.29",ГВС,2021,8,57.98
"Магадан,п-кт.КарлаМаркса,,д.36/20,кв.29",ГВС,2021,9,54.0
"Магадан,п-кт.КарлаМаркса,,д.36/20,кв.29",ГВС,2021,10,56.53
"Магадан,п-кт.КарлаМаркса,,д.36/20,кв.29",ГВС,2021,11,67.36
"Магадан,п-кт.КарлаМаркса,,д.36/20,кв.29",ГВС,2021,12,68.04
"Магадан,п-кт.КарлаМаркса,,д.36/20,кв.29",ГВС,2022,1,68.82
"Магадан,п-кт.КарлаМаркса,,д.36/20,кв.29",ХВС,2021,1,71.49
"Магадан,п-кт.КарлаМаркса,,д.36/20,кв.29",ХВС,2021,12,60.34
"Миллера,1а,корпус1",ТЭ,2021,11,1252.4
"Миллера,1а,корпус1",ТЭ,2021,12,4968.25
"Миллера,1а,корпус1",ТЭ,2022,1,10923.07
"Миллера,1а,корпус2",ТЭ,2021,11,6516.03
"Миллера,1а,корпус2",ТЭ,2021,12,16874.38
"Миллера,1а,корпус2",ТЭ,2022,1,30163.62
"Мордовцева,6",ВО,2021,1,71.38
"Мордовцева,6",ВО,2021,3,71.36
"Мордовцева,6",ВО,2021,4,214.08
"Мордовцева,6",ВО,2021,6,160.56
"Мордовцева,6",ВО,2021,7,324.69
"Мордовцева,6",ВО,2021,8,174.83
"Мордовцева,6",ВО,2021,9,232.32
"Мордовцева,6",ВО,2021,10,154.88
"Мордовцева,6",ВО,2021,11,212.96
"Мордовцева,6",ВО,2021,12,135.52
"Мордовцева,6",ВО,2022,1,135.52
"Мордовцева,6",ТЭ,2021,1,6642.62
"Мордовцева,6",ТЭ,2021,3,11119.38
"Мордовцева,6",ТЭ,2021,4,23419.0
"Мордовцева,6",ТЭ,2021,6,6139.44
"Мордовцева,6",ТЭ,2021,7,3738.37
"Мордовцева,6",ТЭ,2021,12,811.95
"Мордовцева,6",ТЭ,2022,1,4102.4
"Мордовцева,6",ХВС,2021,1,131.95
"Мордовцева,6",ХВС,2021,3,131.96
"Мордовцева,6",ХВС,2021,4,395.88
"Мордовцева,6",ХВС,2021,6,296.91
"Мордовцева,6",ХВС,2021,7,600.4200000000001
"Мордовцева,6",ХВС,2021,8,323.3
"Мордовцева,6",ХВС,2021,9,406.2
"Мордовцева,6",ХВС,2021,10,270.8
"Мордовцева,6",ХВС,2021,11,372.35
"Мордовцева,6",ХВС,2021,12,236.95
"Мордовцева,6",ХВС,2022,1,236.95
"Мордовцева,6",ЭЭ,2021,1,16247.87
"Мордовцева,6",ЭЭ,2021,3,13612.06
"Мордовцева,6",ЭЭ,2021,4,25040.02
"Мордовцева,6",ЭЭ,2021,6,13320.78
"Мордовцева,6",ЭЭ,2021,7,25945.33
"Мордовцева,6",ЭЭ,2021,8,11452.73
"Мордовцева,6",ЭЭ,2021,9,11846.62
"Мордовцева,6",ЭЭ,2021,10,11751.87
"Мордовцева,6",ЭЭ,2021,11,12919.31
"Мордовцева,6",ЭЭ,2021,12,12792.18
"Мордовцева,6",ЭЭ,2022,1,13920.02
"Некрасова,102",НВВО,2021,11,70.18
"Некрасова,102",НВВО,2021,12,70.18
"Океанскийпр-т,34",ВО,2021,1,2329.17
"Океанскийпр-т,34",ВО,2021,2,2436.26
"Океанскийпр-т,34",ВО,2021,3,3730.04
"Океанскийпр-т,34",ВО,2021,4,3132.33
"Океанскийпр-т,34",ВО,2021,5,2730.13
"Океанскийпр-т,34",ВО,2021,6,-1652.9899999999998
"Океанскийпр-т,34",ВО,2021,7,2855.04
"Океанскийпр-т,34",ВО,2021,8,3091.93
"Океанскийпр-т,34",ВО,2021,9,2438.85
"Океанскийпр-т,34",ВО,2021,10,2690.48
"Океанскийпр-т,34",ВО,2021,11,2806.62
"Океанскийпр-т,34",ВО,2021,12,2884.04
"Океанскийпр-т,34",ВО,2022,1,3542.14
"Океанскийпр-т,34",ТЭ,2021,1,177607.45
"Океанскийпр-т,34",ТЭ,2021,2,214283.92
"Океанскийпр-т,34",ТЭ,2021,3,196529.57
"Океанскийпр-т,34",ТЭ,2021,4,137702.03
"Океанскийпр-т,34",ТЭ,2021,5,91668.08
"Океанскийпр-т,34",ТЭ,2021,6,43081.71
"Океанскийпр-т,34",ТЭ,2021,7,21879.11
"Океанскийпр-т,34",ТЭ,2021,8,21603.4
"Океанскийпр-т,34",ТЭ,2021,9,15686.5
"Океанскийпр-т,34",ТЭ,2021,10,21240.99
"Океанскийпр-т,34",ТЭ,2021,11,26229.59
"Океанскийпр-т,34",ТЭ,2021,12,81109.89
"Океанскийпр-т,34",ТЭ,2022,1,153616.33
"Океанскийпр-т,34",ХВС,2021,1,2869.96
"Океанскийпр-т,34",ХВС,2021,2,3001.9
"Океанскийпр-т,34",ХВС,2021,3,5113.14
"Океанскийпр-т,34",ХВС,2021,4,3859.6
"Океанскийпр-т,34",ХВС,2021,5,5047.16
"Океанскийпр-т,34",ХВС,2021,6,3529.72
"Океанскийпр-т,34",ХВС,2021,7,5278.08
"Океанскийпр-т,34",ХВС,2021,8,4733.25
"Океанскийпр-т,34",ХВС,2021,9,4265.35
"Океанскийпр-т,34",ХВС,2021,10,4705.44
"Океанскийпр-т,34",ХВС,2021,11,4898.4
"Океанскийпр-т,34",ХВС,2021,12,5043.95
"Океанскийпр-т,34",ХВС,2022,1,6194.92
"Океанскийпр-т,34",ЭЭ,2021,1,349112.27
"Океанскийпр-т,34",ЭЭ,2021,2,320098.49
"Океанскийпр-т,34",ЭЭ,2021,3,319857.48000000004
"Океанскийпр-т,34",ЭЭ,2021,4,305680.63
"Океанскийпр-т,34",ЭЭ,2021,5,291476.97
"Океанскийпр-т,34",ЭЭ,2021,6,275392.4
"Океанскийпр-т,34",ЭЭ,2021,7,275569.23
"Океанскийпр-т,34",ЭЭ,2021,8,332928.79
"Океанскийпр-т,34",ЭЭ,2021,9,346304.74
"Океанскийпр-т,34",ЭЭ,2021,10,324196.24
"Океанскийпр-т,34",ЭЭ,2021,11,314330.82
"Океанскийпр-т,34",ЭЭ,2021,12,310667.61
Океанскийпр-т34,НВВО,2021,5,1365.98
Океанскийпр-т34,НВВО,2021,6,4571.139999999999
Океанскийпр-т34,НВВО,2021,7,1428.48
Океанскийпр-т34,НВВО,2021,8,1568.81
Океанскийпр-т34,НВВО,2021,9,1220.18
Океанскийпр-т34,НВВО,2021,10,1346.08
Океанскийпр-т34,НВВО,2021,11,1404.18
Океанскийпр-т34,НВВО,2021,12,1442.92
Океанскийпр-т34,НВВО,2022,1,1772.17
"Октябрьская,22",ВО,2021,2,1754.88
"Октябрьская,22",ВО,2021,3,-1754.88
"Октябрьская,22",НВВО,2021,6,3607.14
"Октябрьская,22",НВВО,2021,9,-2232.99
"Октябрьская,22",НВВО,2021,10,-1374.15
"Октябрьская,22",ХВС,2021,2,1213.97
"Октябрьская,22",ХВС,2021,3,-1213.97
"Пушкина,,д.4",ВО,2021,1,2134.2
"Пушкина,,д.4",ВО,2021,3,4567.19
"Пушкина,,д.4",ВО,2021,4,2414.2099999999996
"Пушкина,,д.4",ВО,2021,5,2006.15
"Пушкина,,д.4",ВО,2021,6,2987.88
"Пушкина,,д.4",ВО,2021,7,3231.28
"Пушкина,,д.4",ВО,2021,8,3954.7
"Пушкина,,д.4",ВО,2021,9,4566.23
"Пушкина,,д.4",ВО,2021,10,2986.27
"Пушкина,,д.4",ВО,2021,11,2773.1
"Пушкина,,д.4",ВО,2021,12,3520.64
"Пушкина,,д.4",ВО,2022,1,-75.24
"Пушкина,,д.4",ГВС,2021,2,2815.76
"Пушкина,,д.4",ГВС,2021,3,3611.16
"Пушкина,,д.4",ГВС,2021,4,4315.13
"Пушкина,,д.4",ГВС,2021,5,4095.0
"Пушкина,,д.4",ГВС,2021,6,3291.36
"Пушкина,,д.4",ГВС,2021,7,2938.48
"Пушкина,,д.4",ГВС,2021,8,3151.35
"Пушкина,,д.4",ГВС,2021,9,1957.98
"Пушкина,,д.4",ГВС,2021,10,3755.71
"Пушкина,,д.4",ГВС,2021,11,4475.0
"Пушкина,,д.4",ГВС,2021,12,4106.48
"Пушкина,,д.4",ГВС,2022,1,6647.14
"Пушкина,,д.4",ХВС,2021,1,4326.15
"Пушкина,,д.4",ХВС,2021,3,2084.3999999999996
"Пушкина,,д.4",ХВС,2021,4,-10.19
"Пушкина,,д.4",ХВС,2021,5,903.24
"Пушкина,,д.4",ХВС,2021,6,1389.6
"Пушкина,,д.4",ХВС,2021,7,1712.86
"Пушкина,,д.4",ХВС,2021,8,2244.43
"Пушкина,,д.4",ХВС,2021,9,2409.19
"Пушкина,,д.4",ХВС,2021,10,1397.42
"Пушкина,,д.4",ХВС,2021,11,1290.51
"Пушкина,,д.4",ХВС,2021,12,1712.86
"Пушкина,,д.4",ХВС,2022,1,-46.08
"Пушкина,4",ТЭ,2021,1,507633.69
"Пушкина,4",ТЭ,2021,2,448610.71
"Пушкина,4",ТЭ,2021,3,441575.62
"Пушкина,4",ТЭ,2021,4,391445.83
"Пушкина,4",ТЭ,2021,5,291183.6
"Пушкина,4",ТЭ,2021,6,225624.06
"Пушкина,4",ТЭ,2021,7,88087.54
"Пушкина,4",ТЭ,2021,10,118459.86
"Пушкина,4",ТЭ,2021,11,235693.23
"Пушкина,4",ТЭ,2021,12,286897.57
"Пушкина,4",ТЭ,2022,1,509371.54
"Пушкина,4",ЭЭ,2021,1,324215.42
"Пушкина,4",ЭЭ,2021,2,294383.44
"Пушкина,4",ЭЭ,2021,3,264428.53
"Пушкина,4",ЭЭ,2021,4,269460.54000000004
"Пушкина,4",ЭЭ,2021,6,284661.71
"Пушкина,4",ЭЭ,2021,7,600759.1000000001
"Пушкина,4",ЭЭ,2021,8,305877.17
"Пушкина,4",ЭЭ,2021,9,-610.34
"Пушкина,4",ЭЭ,2021,10,638342.13
"Пушкина,4",ЭЭ,2021,11,-9143.4
"Пушкина,4",ЭЭ,2021,12,733542.96
"Пушкина,4",ЭЭ,2022,1,-8818.85
"Пушкина,59",ВО,2021,1,115.92
"Пушкина,59",ВО,2021,2,66.24
"Пушкина,59",ВО,2021,3,-149.04
"Пушкина,59",ВО,2021,4,-33.120000000000005
"Пушкина,59",ВО,2021,5,149.04
"Пушкина,59",ВО,2021,7,16.56
"Пушкина,59",ВО,2021,8,67.77
"Пушкина,59",ВО,2021,9,51.16
"Пушкина,59",ВО,2021,10,-23.36
"Пушкина,59",ВО,2021,11,34.1
"Пушкина,59",ВО,2021,12,187.57
"Пушкина,59",ВО,2022,1,68.21
"Пушкина,59",ТП,2021,5,40988.7
"Пушкина,59",ТЭ,2021,1,85911.22
"Пушкина,59",ТЭ,2021,2,115735.31
"Пушкина,59",ТЭ,2021,3,-112153.04
"Пушкина,59",ТЭ,2021,4,-89493.49
"Пушкина,59",ТЭ,2021,5,34450.33
"Пушкина,59",ТЭ,2021,6,2623.12
"Пушкина,59",ТЭ,2021,10,-17225.18
"Пушкина,59",ТЭ,2021,11,2433.61
"Пушкина,59",ТЭ,2021,12,13010.44
"Пушкина,59",ТЭ,2022,1,49701.76
"Пушкина,59",ХВС,2021,1,226.97
"Пушкина,59",ХВС,2021,2,129.7
"Пушкина,59",ХВС,2021,3,-291.82
"Пушкина,59",ХВС,2021,4,-64.85
"Пушкина,59",ХВС,2021,5,383.31
"Пушкина,59",ХВС,2021,7,32.42
"Пушкина,59",ХВС,2021,8,132.68
"Пушкина,59",ХВС,2021,9,100.15
"Пушкина,59",ХВС,2021,10,-45.75999999999999
"Пушкина,59",ХВС,2021,11,66.77
"Пушкина,59",ХВС,2021,12,367.22
"Пушкина,59",ХВС,2022,1,133.54
"Пушкина,59",ЭЭ,2021,1,12600.14
"Пушкина,59",ЭЭ,2021,2,10167.64
"Пушкина,59",ЭЭ,2021,3,-15819.3
"Пушкина,59",ЭЭ,2021,4,-6948.48
"Пушкина,59",ЭЭ,2021,5,8097.01
"Пушкина,59",ЭЭ,2021,6,11265.3
"Пушкина,59",ЭЭ,2021,7,11331.19
"Пушкина,59",ЭЭ,2021,8,22833.13
"Пушкина,59",ЭЭ,2021,9,36876.7
"Пушкина,59",ЭЭ,2021,10,29368.32
"Пушкина,59",ЭЭ,2021,11,27236.4
"Пушкина,59",ЭЭ,2021,12,31174.92
"Пушкина,6",ТЭ,2021,1,6395.15
"Пушкина,8б",НВВО,2021,9,9.68
"Пушкинская,8б",ВО,2021,3,17.84
"Пушкинская,8б",ВО,2021,9,19.36
"Пушкинская,8б",ТЭ,2021,1,133.53
"Пушкинская,8б",ТЭ,2021,2,18159.79
"Пушкинская,8б",ТЭ,2021,3,17589.26
"Пушкинская,8б",ТЭ,2021,4,11595.08
"Пушкинская,8б",ТЭ,2021,5,7737.34
"Пушкинская,8б",ТЭ,2021,6,5423.66
"Пушкинская,8б",ТЭ,2021,7,46.13
"Пушкинская,8б",ТЭ,2021,8,78.2
"Пушкинская,8б",ТЭ,2021,9,15.14
"Пушкинская,8б",ТЭ,2021,10,105.94
"Пушкинская,8б",ХВС,2021,3,32.99
"Пушкинская,8б",ХВС,2021,9,33.85
"Пушкинская,8б",ЭЭ,2021,1,226.79
"Пушкинская,8б",ЭЭ,2021,2,161.12
"Пушкинская,8б",ЭЭ,2021,3,115.67
"Пушкинская,8б",ЭЭ,2021,4,126.38
"Пушкинская,8б",ЭЭ,2021,5,341.56
"Пушкинская,8б",ЭЭ,2021,6,63.29
"Пушкинская,8б",ЭЭ,2021,7,121.25
"Пушкинская,8б",ЭЭ,2021,8,125.06
"Пушкинская,8б",ЭЭ,2021,9,127.08
"Пушкинская,8б",ЭЭ,2021,10,4113.48
"Светланская,111",ВО,2021,1,1070.88
"Светланская,111",ВО,2021,2,776.3900000000001
"Светланская,111",ВО,2021,3,1044.11
"Светланская,111",ВО,2021,4,1258.29
"Светланская,111",ВО,2021,5,624.54
"Светланская,111",ВО,2021,6,-259.66999999999985
"Светланская,111",ВО,2021,7,981.42
"Светланская,111",ВО,2021,8,1145.16
"Светланская,111",ВО,2021,9,1316.21
"Светланская,111",ВО,2021,10,1277.5
"Светланская,111",ВО,2021,11,1258.15
"Светланская,111",ВО,2021,12,1219.43
"Светланская,111",ВО,2022,1,1838.82
"Светланская,111",НВВО,2021,5,312.48
"Светланская,111",НВВО,2021,6,1946.3
"Светланская,111",НВВО,2021,7,491.04
"Светланская,111",НВВО,2021,8,581.04
"Светланская,111",НВВО,2021,9,658.51
"Светланская,111",НВВО,2021,10,639.14
"Светланская,111",НВВО,2021,11,629.46
"Светланская,111",НВВО,2021,12,610.09
"Светланская,111",НВВО,2022,1,919.98
"Светланская,111",ТЭ,2021,1,73006.02
"Светланская,111",ТЭ,2021,2,90216.55
"Светланская,111",ТЭ,2021,3,76691.89
"Светланская,111",ТЭ,2021,4,52192.66
"Светланская,111",ТЭ,2021,5,43464.15
"Светланская,111",ТЭ,2021,6,19810.69
"Светланская,111",ТЭ,2021,12,41622.71
"Светланская,111",ТЭ,2022,1,60317.34
"Светланская,111",ХВС,2021,1,1319.52
"Светланская,111",ХВС,2021,2,956.65
"Светланская,111",ХВС,2021,3,1286.53
"Светланская,111",ХВС,2021,4,1550.44
"Светланская,111",ХВС,2021,5,1154.58
"Светланская,111",ХВС,2021,6,2012.26
"Светланская,111",ХВС,2021,7,1814.34
"Светланская,111",ХВС,2021,8,1691.96
"Светланская,111",ХВС,2021,9,2301.94
"Светланская,111",ХВС,2021,10,2234.23
"Светланская,111",ХВС,2021,11,2193.61
"Светланская,111",ХВС,2021,12,2132.68
"Светланская,111",ХВС,2022,1,3215.94
"Светланская,111",ЭЭ,2021,1,47032.75
"Светланская,111",ЭЭ,2021,2,47543.88
"Светланская,111",ЭЭ,2021,3,34939.68
"Светланская,111",ЭЭ,2021,4,50984.03
"Светланская,111",ЭЭ,2021,5,34863.2
"Светланская,111",ЭЭ,2021,6,23481.78
"Светланская,111",ЭЭ,2021,7,37691.51
"Светланская,111",ЭЭ,2021,8,50198.81
"Светланская,111",ЭЭ,2021,9,74018.45
"Светланская,111",ЭЭ,2021,10,64296.21
"Светланская,111",ЭЭ,2021,11,57844.47
"Светланская,111",ЭЭ,2021,12,48281.78
"Светланская,69",ВО,2021,2,1499.04
"Светланская,69",ВО,2021,3,4622.01
"Светланская,69",ВО,2021,4,571.01
"Светланская,69",ВО,2021,5,642.38
"Светланская,69",ВО,2021,6,-3819.1800000000003
"Светланская,69",ВО,2021,8,1289.75
"Светланская,69",ВО,2021,10,1529.12
"Светланская,69",ВО,2021,11,716.17
"Светланская,69",ВО,2021,12,619.39
"Светланская,69",НВВО,2021,4,285.7
"Светланская,69",НВВО,2021,5,321.41
"Светланская,69",НВВО,2021,6,1151.6999999999998
"Светланская,69",НВВО,2021,8,654.45
"Светланская,69",НВВО,2021,10,765.04
"Светланская,69",НВВО,2021,11,358.31
"Светланская,69",НВВО,2021,12,309.89
"Светланская,69",ССВ,2021,4,1142.02
"Светланская,69",ССВ,2021,5,1284.77
"Светланская,69",ССВ,2021,6,4603.74
"Светланская,69",ССВ,2021,8,2616.1
"Светланская,69",ССВ,2021,10,3058.25
"Светланская,69",ССВ,2021,11,1432.34
"Светланская,69",ССВ,2021,12,1238.78
"Светланская,69",ТЭ,2021,2,36521.09
"Светланская,69",ТЭ,2021,3,88980.57
"Светланская,69",ТЭ,2021,4,32267.62
"Светланская,69",ТЭ,2021,5,32957.11
"Светланская,69",ТЭ,2021,6,14714.77
"Светланская,69",ТЭ,2021,12,20737.14
"Светланская,69",ХВС,2021,2,791.71
"Светланская,69",ХВС,2021,3,2441.1
"Светланская,69",ХВС,2021,4,1055.62
"Светланская,69",ХВС,2021,5,1187.57
"Светланская,69",ХВС,2021,6,1022.63
"Светланская,69",ХВС,2021,8,2332.41
"Светланская,69",ХВС,2021,10,2674.31
"Светланская,69",ХВС,2021,11,1252.52
"Светланская,69",ХВС,2021,12,1083.26
"Светланская,69",ЭЭ,2021,2,28308.64
"Светланская,69",ЭЭ,2021,3,52784.41
"Светланская,69",ЭЭ,2021,4,29199.75
"Светланская,69",ЭЭ,2021,5,25243.65
"Светланская,69",ЭЭ,2021,6,22737.87
"Светланская,69",ЭЭ,2021,8,61968.04000000001
"Светланская,69",ЭЭ,2021,10,83812.66
"Светланская,69",ЭЭ,2021,11,29394.92
"Светланская,69",ЭЭ,2021,12,30334.15
"Светланская,71",ВО,2021,1,1623.81
"Светланская,71",ВО,2021,2,7405.259999999999
"Светланская,71",ВО,2021,3,910.04
"Светланская,71",ВО,2021,4,1570.26
"Светланская,71",ВО,2021,5,2230.5
"Светланская,71",ВО,2021,6,1177.7
"Светланская,71",ВО,2021,7,2319.71
"Светланская,71",ВО,2021,8,1755.91
"Светланская,71",ВО,2021,9,2051.74
"Светланская,71",ВО,2021,10,1722.6799999999998
"Светланская,71",ВО,2021,11,2090.46
"Светланская,71",ВО,2021,12,1838.82
"Светланская,71",ВО,2022,1,3009.65
"Светланская,71",НВВО,2021,10,735.99
"Светланская,71",НВВО,2021,11,929.66
"Светланская,71",НВВО,2021,12,890.9200000000001
"Светланская,71",НВВО,2022,1,1239.55
"Светланская,71",ТЭ,2021,1,98786.37
"Светланская,71",ТЭ,2021,2,143292.43000000002
"Светланская,71",ТЭ,2021,3,137028.76
"Светланская,71",ТЭ,2021,4,79504.94
"Светланская,71",ТЭ,2021,5,42301.64
"Светланская,71",ТЭ,2021,6,9963.609999999999
"Светланская,71",ТЭ,2021,7,1165.3300000000002
"Светланская,71",ТЭ,2021,8,706.29
"Светланская,71",ТЭ,2021,11,1056.9099999999999
"Светланская,71",ТЭ,2021,12,39436.14
"Светланская,71",ТЭ,2022,1,96834.71
"Светланская,71",ХВС,2021,1,3001.91
"Светланская,71",ХВС,2021,2,13690.02
"Светланская,71",ХВС,2021,3,1682.3899999999999
"Светланская,71",ХВС,2021,4,2902.94
"Светланская,71",ХВС,2021,5,4123.5
"Светланская,71",ХВС,2021,6,2111.24
"Светланская,71",ХВС,2021,7,4288.45
"Светланская,71",ХВС,2021,8,2770.2999999999997
"Светланская,71",ХВС,2021,9,3588.2999999999997
"Светланская,71",ХВС,2021,10,3012.83
"Светланская,71",ХВС,2021,11,3645.8599999999997
"Светланская,71",ХВС,2021,12,3215.93
"Светланская,71",ХВС,2022,1,4333.0599999999995
"Светланская,71",ЭЭ,2021,1,215814.53000000003
"Светланская,71",ЭЭ,2021,2,237358.35
"Светланская,71",ЭЭ,2021,3,228976.0
"Светланская,71",ЭЭ,2021,4,227479.59999999998
"Светланская,71",ЭЭ,2021,5,218241.64
"Светланская,71",ЭЭ,2021,6,185671.59
"Светланская,71",ЭЭ,2021,7,169977.77
"Светланская,71",ЭЭ,2021,8,202855.2
"Светланская,71",ЭЭ,2021,9,213394.83
"Светланская,71",ЭЭ,2021,10,186929.62
"Светланская,71",ЭЭ,2021,11,179894.22
"Светланская,71",ЭЭ,2021,12,181291.36
"Светланская,73",ВО,2021,1,35.68
"Светланская,73",ВО,2021,2,678.07
"Светланская,73",ВО,2021,3,1017.11
"Светланская,73",ВО,2021,4,713.76
"Светланская,73",ВО,2021,5,2694.44
"Светланская,73",ВО,2021,6,1052.8
"Светланская,73",ВО,2021,7,713.76
"Светланская,73",ВО,2021,10,58.07
"Светланская,73",ВО,2021,11,58.06
"Светланская,73",ВО,2021,12,19.36
"Светланская,73",ТЭ,2021,1,133848.37
"Светланская,73",ТЭ,2021,2,144639.86000000002
"Светланская,73",ТЭ,2021,3,121136.51
"Светланская,73",ТЭ,2021,4,103712.34
"Светланская,73",ТЭ,2021,5,70801.35
"Светланская,73",ТЭ,2021,6,14901.710000000001
"Светланская,73",ТЭ,2021,7,6059.74
"Светланская,73",ТЭ,2021,8,10074.71
"Светланская,73",ТЭ,2021,9,1889.32
"Светланская,73",ТЭ,2021,10,13850.83
"Светланская,73",ТЭ,2021,11,28420.55
"Светланская,73",ТЭ,2021,12,94140.73
"Светланская,73",ТЭ,2022,1,139068.26
"Светланская,73",ХВС,2021,1,65.98
"Светланская,73",ХВС,2021,2,1253.54
"Светланская,73",ХВС,2021,3,1880.31
"Светланская,73",ХВС,2021,4,1319.52
"Светланская,73",ХВС,2021,5,4981.19
"Светланская,73",ХВС,2021,6,1946.29
"Светланская,73",ХВС,2021,7,1319.52
"Светланская,73",ХВС,2021,10,101.55
"Светланская,73",ХВС,2021,11,101.55
"Светланская,73",ХВС,2021,12,33.85
"Светланская,73",ЭЭ,2021,1,23643.58
"Светланская,73",ЭЭ,2021,2,61177.11
"Светланская,73",ЭЭ,2021,3,85624.15
"Светланская,73",ЭЭ,2021,4,66701.73999999999
"Светланская,73",ЭЭ,2021,5,43379.61
"Светланская,73",ЭЭ,2021,6,32413.339999999997
"Светланская,73",ЭЭ,2021,7,16753.82
"Светланская,73",ЭЭ,2021,8,5483.33
"Светланская,73",ЭЭ,2021,9,4422.64
"Светланская,73",ЭЭ,2021,10,4928.66
"Светланская,73",ЭЭ,2021,11,7767.77
"Светланская,73",ЭЭ,2021,12,8012.81
"Светланская,73А",ВО,2021,1,214.18
"Светланская,73А",ВО,2021,2,187.41
"Светланская,73А",ВО,2021,3,321.27
"Светланская,73А",ВО,2021,4,455.13
"Светланская,73А",ВО,2021,5,285.51
"Светланская,73А",ВО,2021,6,-232.23999999999998
"Светланская,73А",ВО,2021,7,249.82
"Светланская,73А",ВО,2021,8,248.12
"Светланская,73А",ВО,2021,9,174.2
"Светланская,73А",ВО,2021,10,193.56
"Светланская,73А",ВО,2021,11,232.27
"Светланская,73А",ВО,2021,12,174.2
"Светланская,73А",ВО,2022,1,212.92
"Светланская,73А",ТЭ,2021,1,35444.39
"Светланская,73А",ТЭ,2021,2,45058.4
"Светланская,73А",ТЭ,2021,3,41545.02
"Светланская,73А",ТЭ,2021,4,29010.77
"Светланская,73А",ТЭ,2021,5,19998.74
"Светланская,73А",ТЭ,2021,6,4755.59
"Светланская,73А",ТЭ,2021,7,125.59
"Светланская,73А",ТЭ,2021,8,527.49
"Светланская,73А",ТЭ,2021,9,1408.24
"Светланская,73А",ТЭ,2021,10,2084.72
"Светланская,73А",ТЭ,2021,11,2111.96
"Светланская,73А",ТЭ,2021,12,12406.63
"Светланская,73А",ТЭ,2022,1,31738.88
"Светланская,73А",ХВС,2021,1,263.9
"Светланская,73А",ХВС,2021,2,230.92
"Светланская,73А",ХВС,2021,3,395.86
"Светланская,73А",ХВС,2021,4,560.79
"Светланская,73А",ХВС,2021,5,527.81
"Светланская,73А",ХВС,2021,6,263.9
"Светланская,73А",ХВС,2021,7,461.83
"Светланская,73А",ХВС,2021,8,273.12
"Светланская,73А",ХВС,2021,9,304.67
"Светланская,73А",ХВС,2021,10,338.52
"Светланская,73А",ХВС,2021,11,402.84
"Светланская,73А",ХВС,2021,12,304.67
"Светланская,73А",ХВС,2022,1,372.37
"Светланская,73А",ЭЭ,2021,1,16103.71
"Светланская,73А",ЭЭ,2021,2,17903.04
"Светланская,73А",ЭЭ,2021,3,18910.8
"Светланская,73А",ЭЭ,2021,4,14727.74
"Светланская,73А",ЭЭ,2021,5,12849.6
"Светланская,73А",ЭЭ,2021,6,10619.2
"Светланская,73А",ЭЭ,2021,7,8722.29
"Светланская,73А",ЭЭ,2021,8,14179.29
"Светланская,73А",ЭЭ,2021,9,14399.0
"Светланская,73А",ЭЭ,2021,10,11655.7
"Светланская,73А",ЭЭ,2021,11,15222.19
"Светланская,73А",ЭЭ,2021,12,8237.03
"Светланская,73а",НВВО,2021,5,142.85
"Светланская,73а",НВВО,2021,6,473.18999999999994
"Светланская,73а",НВВО,2021,7,124.99
"Светланская,73а",НВВО,2021,8,125.89
"Светланская,73а",НВВО,2021,9,87.16
"Светланская,73а",НВВО,2021,10,96.84
"Светланская,73а",НВВО,2021,11,116.21
"Светланская,73а",НВВО,2021,12,87.16
"Светланская,73а",НВВО,2022,1,106.52
"Седова,32",ЭЭ,2021,1,186.77
"Седова,32",ЭЭ,2021,3,173.5
"Седова,32",ЭЭ,2021,4,183.25
"Седова,32",ЭЭ,2021,5,164.45
"Седова,32",ЭЭ,2021,6,170.87
"Седова,32",ЭЭ,2021,7,324.07
"Седова,32",ЭЭ,2021,8,162.59
"Седова,32",ЭЭ,2021,9,146.15
"Седова,32",ЭЭ,2021,10,143.74
"Седова,32",ЭЭ,2021,11,153.38
"Седова,32",ЭЭ,2021,12,158.1
"Семеновская,29",ЭЭ,2021,1,229.59
"Семеновская,29",ЭЭ,2021,2,243.11
"Семеновская,29",ЭЭ,2021,3,210.58
"Семеновская,29",ЭЭ,2021,4,224.54
"Семеновская,29",ЭЭ,2021,5,212.99
"Семеновская,29",ЭЭ,2021,6,337.4
"Семеновская,29",ЭЭ,2021,7,455.99
"Семеновская,29",ЭЭ,2021,8,455.35
"Семеновская,29",ЭЭ,2021,9,7621.21
"Семеновская,29",ЭЭ,2021,10,12773.23
"Семеновская,29",ЭЭ,2021,11,12744.23
"Семеновская,29",ЭЭ,2021,12,12482.52
"Советская,26",ВО,2021,1,386.98
"Советская,26",ВО,2021,2,346.94
"Советская,26",ВО,2021,3,64.5
"Советская,26",ВО,2021,4,122.32
"Советская,26",ВО,2021,5,177.92
"Советская,26",ВО,2021,6,189.04
"Советская,26",ВО,2021,7,166.8
"Советская,26",ВО,2021,8,117.1
"Советская,26",ВО,2021,9,175.65
"Советская,26",ВО,2021,10,117.1
"Советская,26",ВО,2021,11,117.1
"Советская,26",ТЭ,2021,1,256031.95
"Советская,26",ТЭ,2021,2,275498.41
"Советская,26",ТЭ,2021,3,224522.33
"Советская,26",ТЭ,2021,4,209696.29
"Советская,26",ТЭ,2021,5,182971.03
"Советская,26",ТЭ,2021,6,94830.46
"Советская,26",ТЭ,2021,11,73047.95
"Советская,26",ТЭ,2021,12,171952.14
"Советская,26",ТЭ,2022,1,221650.27
"Советская,26",ХВС,2021,1,1057.22
"Советская,26",ХВС,2021,2,947.86
"Советская,26",ХВС,2021,3,176.20000000000002
"Советская,26",ХВС,2021,4,334.18
"Советская,26",ХВС,2021,5,486.08
"Советская,26",ХВС,2021,6,516.46
"Советская,26",ХВС,2021,7,455.7
"Советская,26",ХВС,2021,8,305.4
"Советская,26",ХВС,2021,9,458.1
"Советская,26",ХВС,2021,10,305.4
"Советская,26",ХВС,2021,11,305.4
"Советская,26",ЭЭ,2021,1,62314.25
"Советская,26",ЭЭ,2021,2,74085.91
"Советская,26",ЭЭ,2021,3,70972.89
"Советская,26",ЭЭ,2021,4,63829.68
"Советская,26",ЭЭ,2021,5,68148.09
"Советская,26",ЭЭ,2021,6,53680.83
"Советская,26",ЭЭ,2021,7,44216.11
"Советская,26",ЭЭ,2021,8,41444.11
"Советская,26",ЭЭ,2021,9,45410.0
"Советская,26",ЭЭ,2021,10,52254.34
"Советская,26",ЭЭ,2021,11,49504.92
"Советская,26",ЭЭ,2021,12,67401.65
"Советская,26",ЭЭ,2022,1,70567.27
"Торговая,54",ТЭ,2021,2,12585.64
"Торговая,54",ТЭ,2021,3,6292.82
"Торговая,54",ТЭ,2021,4,6292.82
"Фонтанная,19",ВО,2021,1,62.46
"Фонтанная,19",ВО,2021,2,124.91999999999999
"Фонтанная,19",ВО,2021,3,62.46
"Фонтанная,19",ВО,2021,5,53.53
"Фонтанная,19",ВО,2021,6,-160.64
"Фонтанная,19",ВО,2021,7,53.53
"Фонтанная,19",ВО,2021,8,19.09
"Фонтанная,19",ВО,2021,9,38.71
"Фонтанная,19",ВО,2021,10,58.07
"Фонтанная,19",ВО,2021,11,58.06
"Фонтанная,19",ВО,2021,12,77.42
"Фонтанная,19",ВО,2022,1,58.07
"Фонтанная,19",НВВО,2021,5,26.79
"Фонтанная,19",НВВО,2021,6,44.65
"Фонтанная,19",НВВО,2021,7,26.79
"Фонтанная,19",НВВО,2021,8,9.68
"Фонтанная,19",НВВО,2021,9,19.36
"Фонтанная,19",НВВО,2021,10,29.05
"Фонтанная,19",НВВО,2021,11,29.05
"Фонтанная,19",НВВО,2021,12,38.73
"Фонтанная,19",НВВО,2022,1,29.05
"Фонтанная,19",ССВ,2021,5,107.06
"Фонтанная,19",ССВ,2021,6,178.45
"Фонтанная,19",ССВ,2021,7,107.06
"Фонтанная,19",ССВ,2021,8,38.71
"Фонтанная,19",ССВ,2021,9,77.42
"Фонтанная,19",ССВ,2021,10,116.14
"Фонтанная,19",ССВ,2021,11,116.14
"Фонтанная,19",ССВ,2021,12,154.85
"Фонтанная,19",ССВ,2022,1,116.14
"Фонтанная,19",ТЭ,2021,1,23117.32
"Фонтанная,19",ТЭ,2021,2,24151.56
"Фонтанная,19",ТЭ,2021,3,20684.68
"Фонтанная,19",ТЭ,2021,4,18261.76
"Фонтанная,19",ТЭ,2021,5,13054.17
"Фонтанная,19",ТЭ,2021,6,3714.5
"Фонтанная,19",ТЭ,2021,7,2609.86
"Фонтанная,19",ТЭ,2021,8,3728.2
"Фонтанная,19",ТЭ,2021,9,2035.63
"Фонтанная,19",ТЭ,2021,10,3728.2
"Фонтанная,19",ТЭ,2021,11,6704.7
"Фонтанная,19",ТЭ,2021,12,16645.71
"Фонтанная,19",ТЭ,2022,1,24018.87
"Фонтанная,19",ХВС,2021,1,32.99
"Фонтанная,19",ХВС,2021,2,65.98
"Фонтанная,19",ХВС,2021,3,32.99
"Фонтанная,19",ХВС,2021,5,98.96
"Фонтанная,19",ХВС,2021,6,32.98
"Фонтанная,19",ХВС,2021,7,98.96
"Фонтанная,19",ХВС,2021,8,33.7
"Фонтанная,19",ХВС,2021,9,67.71
"Фонтанная,19",ХВС,2021,10,101.55
"Фонтанная,19",ХВС,2021,11,101.56
"Фонтанная,19",ХВС,2021,12,135.41
"Фонтанная,19",ХВС,2022,1,101.55
"Фонтанная,19",ЭЭ,2021,1,1640.89
"Фонтанная,19",ЭЭ,2021,2,1791.01
"Фонтанная,19",ЭЭ,2021,3,1310.89
"Фонтанная,19",ЭЭ,2021,4,1895.68
"Фонтанная,19",ЭЭ,2021,5,1454.78
"Фонтанная,19",ЭЭ,2021,6,54390.27
"Фонтанная,19",ЭЭ,2021,7,-50363.06
"Фонтанная,19",ЭЭ,2021,8,2307.52
"Фонтанная,19",ЭЭ,2021,9,2833.97
"Фонтанная,19",ЭЭ,2021,10,3107.35
"Фонтанная,19",ЭЭ,2021,11,2565.78
"Фонтанная,19",ЭЭ,2021,12,2405.83
"Чапаева,5А",ВО,2021,8,77.08
"Чапаева,5А",ХВС,2021,8,53.64
"Чапаева,5А",ЭЭ,2021,1,17779.83
"Чапаева,5А",ЭЭ,2021,2,22598.67
"Чапаева,5А",ЭЭ,2021,3,16450.5
"Чапаева,5А",ЭЭ,2021,4,13387.49
"Чапаева,5А",ЭЭ,2021,5,10321.72
"Чапаева,5А",ЭЭ,2021,11,8466.52
"Чапаева,5А",ЭЭ,2021,12,17205.02
"Чапаева,5А",ЭЭ,2022,1,16406.62
"Чапаева,5а",ЭЭ,2021,1,113.4
"Чапаева,5а",ЭЭ,2021,2,112.99
"Чапаева,5а",ЭЭ,2021,3,225.73
"Чапаева,5а",ЭЭ,2021,4,228.49
"Чапаева,5а",ЭЭ,2021,5,158.35
"Чапаева,5а",ЭЭ,2021,6,162.92
"Чапаева,5а",ЭЭ,2021,7,172.51
"Чапаева,5а",ЭЭ,2021,8,483.92
"Чапаева,5а",ЭЭ,2021,9,149.3
"Чапаева,5а",ЭЭ,2021,10,159.72
"Чапаева,5а",ЭЭ,2021,11,169.05
"Чапаева,5а",ЭЭ,2021,12,161.76
Якутск,ПГ,2021,1,156347.07
Якутск,ПГ,2021,2,178925.48
Якутск,ПГ,2021,3,128645.46
Якутск,ПГ,2021,4,115664.72
Якутск,ПГ,2021,5,88254.1
Якутск,ПГ,2021,6,41734.23
Якутск,ПГ,2021,7,4338.03
Якутск,ПГ,2021,8,4627.6
Якутск,ПГ,2021,9,4742.64
Якутск,ПГ,2021,10,26213.76
Якутск,ПГ,2021,11,94941.47
Якутск,ПГ,2021,12,114062.92
Якутск,ПГ,2022,1,184416.06
Якутск,ТЭ,2021,1,24793.19
Якутск,ТЭ,2021,3,-24793.19
Якутск,ХВС,2021,1,8332.85
Якутск,ХВС,2021,2,7493.57
Якутск,ХВС,2021,3,6834.14
Якутск,ХВС,2021,4,14103.779999999999
Якутск,ХВС,2021,6,3482.31
Якутск,ХВС,2021,7,11137.51
Якутск,ХВС,2021,8,8373.06
Якутск,ХВС,2021,9,6941.36
Якутск,ХВС,2021,10,15466.5
Якутск,ХВС,2021,12,12472.619999999999
Якутск,ХВС,2022,1,-496.94
"п-кт.К.Маркса,36-20,кв.29",ТЭ,2021,1,12236.54
"п-кт.К.Маркса,36-20,кв.29",ТЭ,2021,2,11823.76
"п-кт.К.Маркса,36-20,кв.29",ТЭ,2021,3,11823.76
"п-кт.К.Маркса,36-20,кв.29",ТЭ,2021,4,11823.77
"п-кт.К.Маркса,36-20,кв.29",ТЭ,2021,5,11823.76
"п-кт.К.Маркса,36-20,кв.29",ТЭ,2021,6,11823.77
"п-кт.К.Маркса,36-20,кв.29",ТЭ,2021,7,11823.77
"п-кт.К.Маркса,36-20,кв.29",ТЭ,2021,8,12183.7
"п-кт.К.Маркса,36-20,кв.29",ТЭ,2021,9,12183.7
"п-кт.К.Маркса,36-20,кв.29",ТЭ,2021,10,12183.7
"п-кт.К.Маркса,36-20,кв.29",ТЭ,2021,11,12183.7
"п-кт.К.Маркса,36-20,кв.29",ТЭ,2021,12,12183.7
"п-кт.К.Маркса,36-20,кв.29",ТЭ,2022,1,12183.7
"п-кт.К.Маркса,36-20,кв.29",ЭЭ,2021,1,255.15
"п-кт.К.Маркса,36-20,кв.29",ЭЭ,2021,2,92.64
"п-кт.К.Маркса,36-20,кв.29",ЭЭ,2021,3,16.53
"п-кт.К.Маркса,36-20,кв.29",ЭЭ,2021,4,3.14
"п-кт.К.Маркса,36-20,кв.29",ЭЭ,2021,6,16.95
"п-кт.К.Маркса,36-20,кв.29",ЭЭ,2021,7,151.99
"п-кт.К.Маркса,36-20,кв.29",ЭЭ,2021,8,21.27
"п-кт.К.Маркса,36-20,кв.29",ЭЭ,2021,10,199.07
"п-кт.К.Маркса,36-20,кв.29",ЭЭ,2021,12,483.28
п.Усть-Нера,ТЭ,2021,6,82095.09
п.Усть-Нера,ТЭ,2022,1,152583.96
п.Эгвекинот,ТЭ,2021,1,103082.42
п.Эгвекинот,ТЭ,2021,2,133838.03
п.Эгвекинот,ТЭ,2021,3,139475.52
п.Эгвекинот,ТЭ,2021,4,126738.97
п.Эгвекинот,ТЭ,2021,5,80083.58
п.Эгвекинот,ТЭ,2021,6,96672.4
п.Эгвекинот,ТЭ,2021,7,42114.08
п.Эгвекинот,ТЭ,2021,8,15587.75
п.Эгвекинот,ТЭ,2021,9,46560.96
п.Эгвекинот,ТЭ,2021,10,56388.48
п.Эгвекинот,ТЭ,2021,11,70155.54
п.Эгвекинот,ТЭ,2021,12,87500.1
п.Эгвекинот,ТЭ,2022,1,105132.16
п.Эгвекинот,ЭЭ,2021,1,22617.0
п.Эгвекинот,ЭЭ,2021,2,23757.3
п.Эгвекинот,ЭЭ,2021,3,24721.2
п.Эгвекинот,ЭЭ,2021,4,27827.1
п.Эгвекинот,ЭЭ,2021,5,25237.8
п.Эгвекинот,ЭЭ,2021,6,26850.6
п.Эгвекинот,ЭЭ,2021,7,27650.7
п.Эгвекинот,ЭЭ,2021,8,29394.0
п.Эгвекинот,ЭЭ,2021,9,28924.8
п.Эгвекинот,ЭЭ,2021,10,31001.7
п.Эгвекинот,ЭЭ,2021,11,28372.8
п.Эгвекинот,ЭЭ,2021,12,27324.0
п.Эгвекинот,ЭЭ,2022,1,26979.0
пгт.Эгвекинот,ВО,2021,1,3282.22
пгт.Эгвекинот,ВО,2021,2,3115.99
пгт.Эгвекинот,ВО,2021,3,4460.54
пгт.Эгвекинот,ВО,2021,4,2832.72
пгт.Эгвекинот,ВО,2021,5,3115.99
пгт.Эгвекинот,ВО,2021,6,2549.45
пгт.Эгвекинот,ВО,2021,8,1982.9
пгт.Эгвекинот,ВО,2021,9,1982.9
пгт.Эгвекинот,ВО,2021,10,2266.18
пгт.Эгвекинот,ВО,2021,11,1982.9
пгт.Эгвекинот,ВО,2021,12,1699.63
пгт.Эгвекинот,ВО,2022,1,2266.18
пгт.Эгвекинот,ГВС,2021,1,1993.73
пгт.Эгвекинот,ГВС,2021,2,813.91
пгт.Эгвекинот,ГВС,2021,4,813.91
пгт.Эгвекинот,ГВС,2021,5,1627.82
пгт.Эгвекинот,ГВС,2021,6,813.91
пгт.Эгвекинот,ГВС,2021,7,813.91
пгт.Эгвекинот,ГВС,2021,8,828.95
пгт.Эгвекинот,ГВС,2021,9,828.95
пгт.Эгвекинот,ГВС,2021,10,828.95
пгт.Эгвекинот,ГВС,2021,11,828.95
пгт.Эгвекинот,ГВС,2021,12,828.95
пгт.Эгвекинот,ГВС,2022,1,828.95
пгт.Эгвекинот,ХВС,2021,1,1709.42
пгт.Эгвекинот,ХВС,2021,2,1899.36
пгт.Эгвекинот,ХВС,2021,3,1519.49
пгт.Эгвекинот,ХВС,2021,4,1709.42
пгт.Эгвекинот,ХВС,2021,5,1709.42
пгт.Эгвекинот,ХВС,2021,6,1519.49
пгт.Эгвекинот,ХВС,2021,7,4068.9399999999996
пгт.Эгвекинот,ХВС,2021,8,1310.47
пгт.Эгвекинот,ХВС,2021,9,1310.47
пгт.Эгвекинот,ХВС,2021,10,1528.88
пгт.Эгвекинот,ХВС,2021,11,1310.47
пгт.Эгвекинот,ХВС,2021,12,1092.06
пгт.Эгвекинот,ХВС,2022,1,1528.88
"пр-т60-летияСССР,5",ВО,2021,1,2081.92
"пр-т60-летияСССР,5",ВО,2021,2,1974.96
"пр-т60-летияСССР,5",ВО,2021,3,2126.88
"пр-т60-летияСССР,5",ВО,2021,4,4253.76
"пр-т60-летияСССР,5",ВО,2021,6,1883.81
"пр-т60-летияСССР,5",ВО,2021,7,3463.78
"пр-т60-летияСССР,5",ВО,2021,8,2649.68
"пр-т60-летияСССР,5",ВО,2021,9,2512.89
"пр-т60-летияСССР,5",ВО,2021,10,2665.6699999999996
"пр-т60-летияСССР,5",ВО,2021,11,2733.07
"пр-т60-летияСССР,5",ВО,2021,12,2373.6
"пр-т60-летияСССР,5",ВО,2022,1,2841.44
"пр-т60-летияСССР,5",ТЭ,2021,1,360941.63
"пр-т60-летияСССР,5",ТЭ,2021,2,500493.92
"пр-т60-летияСССР,5",ТЭ,2021,3,343909.55
"пр-т60-летияСССР,5",ТЭ,2021,4,267749.85
"пр-т60-летияСССР,5",ТЭ,2021,5,209923.86
"пр-т60-летияСССР,5",ТЭ,2021,6,4046.16
"пр-т60-летияСССР,5",ТЭ,2021,7,6018.0
"пр-т60-летияСССР,5",ТЭ,2021,8,5272.93
"пр-т60-летияСССР,5",ТЭ,2021,9,7311.34
"пр-т60-летияСССР,5",ТЭ,2021,10,7750.01
"пр-т60-летияСССР,5",ТЭ,2021,11,186210.8
"пр-т60-летияСССР,5",ТЭ,2021,12,330033.43
"пр-т60-летияСССР,5",ТЭ,2022,1,417155.24
"пр-т60-летияСССР,5",ХВС,2021,1,1432.34
"пр-т60-летияСССР,5",ХВС,2021,2,1358.76
"пр-т60-летияСССР,5",ХВС,2021,3,1463.28
"пр-т60-летияСССР,5",ХВС,2021,4,2926.56
"пр-т60-летияСССР,5",ХВС,2021,6,1296.05
"пр-т60-летияСССР,5",ХВС,2021,7,2383.06
"пр-т60-летияСССР,5",ХВС,2021,8,1843.71
"пр-т60-летияСССР,5",ХВС,2021,9,1748.53
"пр-т60-летияСССР,5",ХВС,2021,10,1854.8400000000001
"пр-т60-летияСССР,5",ХВС,2021,11,1901.73
"пр-т60-летияСССР,5",ХВС,2021,12,1649.3
"пр-т60-летияСССР,5",ХВС,2022,1,1977.14
"пр-т60-летияСССР,5",ЭЭ,2021,1,332884.84
"пр-т60-летияСССР,5",ЭЭ,2021,2,315087.7
"пр-т60-летияСССР,5",ЭЭ,2021,3,301322.98
"пр-т60-летияСССР,5",ЭЭ,2021,4,309569.71
"пр-т60-летияСССР,5",ЭЭ,2021,5,290346.65
"пр-т60-летияСССР,5",ЭЭ,2021,6,295917.72
"пр-т60-летияСССР,5",ЭЭ,2021,7,284526.6
"пр-т60-летияСССР,5",ЭЭ,2021,8,334193.22
"пр-т60-летияСССР,5",ЭЭ,2021,9,332041.52
"пр-т60-летияСССР,5",ЭЭ,2021,10,313412.04
"пр-т60-летияСССР,5",ЭЭ,2021,11,320837.32
"пр-т60-летияСССР,5",ЭЭ,2021,12,275726.13
"пр-тК.Маркса,29/2",ВО,2021,1,8166.96
"пр-тК.Маркса,29/2",ВО,2021,2,6114.96
"пр-тК.Маркса,29/2",ВО,2021,3,6073.92
"пр-тК.Маркса,29/2",ВО,2021,4,7469.28
"пр-тК.Маркса,29/2",ВО,2021,5,10916.64
"пр-тК.Маркса,29/2",ВО,2021,6,9597.960000000001
"пр-тК.Маркса,29/2",ВО,2021,7,8844.19
"пр-тК.Маркса,29/2",ВО,2021,8,13133.74
"пр-тК.Маркса,29/2",ВО,2021,9,5656.81
"пр-тК.Маркса,29/2",ВО,2021,10,10041.19
"пр-тК.Маркса,29/2",ВО,2021,11,11312.18
"пр-тК.Маркса,29/2",ВО,2021,12,9250.56
"пр-тК.Маркса,29/2",ВО,2022,1,9869.67
"пр-тК.Маркса,29/2",ДТ,2021,2,2225249.92
"пр-тК.Маркса,29/2",ДТ,2021,3,1997322.24
"пр-тК.Маркса,29/2",ДТ,2021,4,3660788.7
"пр-тК.Маркса,29/2",ДТ,2021,6,1192769.6
"пр-тК.Маркса,29/2",ДТ,2021,7,758204.53
"пр-тК.Маркса,29/2",ДТ,2021,8,62330.19
"пр-тК.Маркса,29/2",ДТ,2021,10,1897452.27
"пр-тК.Маркса,29/2",ДТ,2021,11,65916.24
"пр-тК.Маркса,29/2",ДТ,2021,12,4047035.8400000003
"пр-тК.Маркса,29/2",ХВС,2021,1,12706.55
"пр-тК.Маркса,29/2",ХВС,2021,2,9513.95
"пр-тК.Маркса,29/2",ХВС,2021,3,9450.1
"пр-тК.Маркса,29/2",ХВС,2021,4,11621.06
"пр-тК.Маркса,29/2",ХВС,2021,5,16984.63
"пр-тК.Маркса,29/2",ХВС,2021,6,12195.73
"пр-тК.Маркса,29/2",ХВС,2021,7,11237.95
"пр-тК.Маркса,29/2",ХВС,2021,8,16242.85
"пр-тК.Маркса,29/2",ХВС,2021,9,8600.04
"пр-тК.Маркса,29/2",ХВС,2021,10,15265.61
"пр-тК.Маркса,29/2",ХВС,2021,11,17197.9
"пр-тК.Маркса,29/2",ХВС,2021,12,14063.61
"пр-тК.Маркса,29/2",ХВС,2022,1,15004.85
"пр-тК.Маркса,29/2",ЭЭ,2021,1,422669.88
"пр-тК.Маркса,29/2",ЭЭ,2021,2,402861.6
"пр-тК.Маркса,29/2",ЭЭ,2021,3,371757.6
"пр-тК.Маркса,29/2",ЭЭ,2021,4,422035.92
"пр-тК.Маркса,29/2",ЭЭ,2021,5,403328.16
"пр-тК.Маркса,29/2",ЭЭ,2021,6,299103.84
"пр-тК.Маркса,29/2",ЭЭ,2021,7,365018.4
"пр-тК.Маркса,29/2",ЭЭ,2021,8,273307.57
"пр-тК.Маркса,29/2",ЭЭ,2021,9,336808.21
"пр-тК.Маркса,29/2",ЭЭ,2021,10,330829.53
"пр-тК.Маркса,29/2",ЭЭ,2021,11,332602.91
"пр-тК.Маркса,29/2",ЭЭ,2021,12,344993.31
"пр-тК.Маркса,29/2",ЭЭ,2022,1,348126.79
